20.4.1998,,,0,771,ุ
13.9.2000,0,740,,,
10.1.2008,-20,765,-22,765,ย 2์/๑
11.1.2008,-20,764,-24,764,ุ
12.1.2008,-20,762,-20,761,ว 2์/๑
13.1.2008,-9,756,-7,754,ว 3์/๑
14.1.2008,-6,751,-4,752,ว 2์/๑
15.1.2008,-1,753,-2,754,ว 1์/๑
16.1.2008,-1,759,-2,762,ุ
17.1.2008,-4,765,-4,765, 3์/๑
18.1.2008,-8,765,-10,765, 1์/๑
19.1.2008,-9,765,-12,765,ุ
20.1.2008,-9,762,-14,762, 3์/๑
21.1.2008,-15,759,-17,759,ย 2์/๑
22.1.2008,-13,753,-11,751,ย 4์/๑
23.1.2008,-9,751,-9,751, 3์/๑
24.1.2008,-11,750,-10,751,ย 3์/๑
25.1.2008,-8,753,-10,751,ย 1์/๑
26.1.2008,-4,742,-3,741, 2์/๑
27.1.2008,-1,735,-2,735,ย 2์/๑
28.1.2008,-1,741,-3,744,ย 3์/๑
29.1.2008,-4,749,-5,750, 1์/๑
30.1.2008,-6,753,-5,753,ั 1์/๑
31.1.2008,-7,753,-11,753,ย 1์/๑
1.2.2008,-11,753,-14,753,ย 1์/๑
2.2.2008,-12,756,-11,758,ย 1์/๑
3.2.2008,-6,756,-5,754,ย 1์/๑
4.2.2008,-3,756,-2,754,ว 4์/๑
5.2.2008,-1,759,-9,760,ว 1์/๑
6.2.2008,-6,760,-9,761,ว 2์/๑
7.2.2008,-8,765,-6,767,ุ
8.2.2008,-10,773,-15,773,ย 2์/๑
9.2.2008,-14,774,-18,772,ว 3์/๑
10.2.2008,-12,762,-11,762,ว 3์/๑
11.2.2008,-3,760,-3,762,ว 1์/๑
12.2.2008,-5,763,-7,763,ว 1์/๑
13.2.2008,-4,758,-6,755,ว 4์/๑
14.2.2008,-6,746,-9,744,ว 4์/๑
15.2.2008,-13,744,-13,741,ย 2์/๑
16.2.2008,-10,741,-17,744,ว 2์/๑
17.2.2008,-11,750,-16,753,ว 2์/๑
18.2.2008,-14,751,-15,750,ว 3์/๑
19.2.2008,-13,746,-14,744,ย 2์/๑
20.2.2008,-8,735,-13,735,ัว 2์/๑
21.2.2008,-8,740,-10,744,ัว 4์/๑
22.2.2008,-7,750,-8,746,ว 3์/๑
23.2.2008,+1,734,+1,732,ว 4์/๑
24.2.2008,+3,739,+1,741,ว 3์/๑
25.2.2008,0,741,+1,738,ว 4์/๑
26.2.2008,0,728,+1,735,ว 3์/๑
27.2.2008,+2,744,0,745,ว 3์/๑
28.2.2008,+2,741,+1,740,ว 3์/๑
29.2.2008,+2,738,+1,740,ว 3์/๑
1.3.2008,+3,743,+2,742, 3์/๑
2.3.2008,+2,738,+3,737,ย 3์/๑
3.3.2008,+2,736,+1,738, 2์/๑
4.3.2008,+1,735,0,735,ย 1์/๑
5.3.2008,+1,744,-1,748,ว 3์/๑
6.3.2008,+1,750,-1,751,ว 5์/๑
7.3.2008,+2,747,0,744,ว 4์/๑
8.3.2008,+2,742,0,746,ว 2์/๑
9.3.2008,+1,753,-3,754,ั 2์/๑
10.3.2008,-2,752,-4,752,ัย 3์/๑
11.3.2008,0,752,-4,752,ั 2์/๑
12.3.2008,0,751,-3,750,ย 2์/๑
13.3.2008,+3,746,-1,746, 2์/๑
14.3.2008,+4,744,-1,744,ุ
15.3.2008,+4,741,+1,741,ย 1์/๑
16.3.2008,0,738,-1,744,ย 1์/๑
17.3.2008,+2,735,+1,737,ว 3์/๑
18.3.2008,0,737,+1,735,ย 2์/๑
19.3.2008,+4,741,+2,738,ย 1์/๑
20.3.2008,+4,746,+2,740,ว 4์/๑
21.3.2008,+5,741,+3,740,ว 4์/๑
22.3.2008,+2,738,+1,742,ว 1์/๑
23.3.2008,+3,748,+2,748, 1์/๑
24.3.2008,+4,745,+2,747,ย 2์/๑
25.3.2008,+10,744,+5,742,ย 2์/๑
26.3.2008,+15,738,+10,741,ย 3์/๑
27.3.2008,+12,746,+10,747,ว 2์/๑
28.3.2008,+8,756,+5,758,ว 2์/๑
29.3.2008,+9,759,+5,759,ั 2์/๑
30.3.2008,+7,754,+5,753,ั 4์/๑
31.3.2008,+10,753,+5,753,ั 2์/๑
1.4.2008,+11,752,+5,752,ัย 4์/๑
2.4.2008,+10,749,+6,749,ัย 3์/๑
3.4.2008,+15,748,+10,749,ัย 4์/๑
4.4.2008,+17,746,+11,747,ัย 2์/๑
5.4.2008,+17,747,+14,748,ย 2์/๑
6.4.2008,+20,753,+16,753,ว 2์/๑
7.4.2008,+20,755,+16,756, 3์/๑
8.4.2008,+19,755,+14,754, 3์/๑
9.4.2008,+20,753,+15,753, 3์/๑
10.4.2008,+21,752,+17,752, 2์/๑
11.4.2008,+22,750,+14,750, 3์/๑
12.4.2008,+21,747,+17,747,ว 2์/๑
13.4.2008,+20,747,+13,748,ั 2์/๑
14.4.2008,+9,743,+5,740,ย 4์/๑
15.4.2008,+8,747,+3,752,ย 3์/๑
16.4.2008,+8,758,+5,759,ย 2์/๑
17.4.2008,+11,759,+7,758,ย 3์/๑
18.4.2008,+12,756,+9,754,ย 4์/๑
19.4.2008,+12,753,+10,751,ย 2์/๑
20.4.2008,+15,748,+10,748,ว 2์/๑
21.4.2008,+19,746,+14,746, 2์/๑
22.4.2008,+18,742,+13,742,ว 2์/๑
23.4.2008,+9,746,+9,747,ัว 3์/๑
24.4.2008,+4,742,+5,744,ั 2์/๑
25.4.2008,+13,750,+11,752,ว 3์/๑
26.4.2008,+16,752,+10,753,ว 3์/๑
27.4.2008,+14,755,+8,753,ัว 4์/๑
28.4.2008,+15,752,+9,752,ว 1์/๑
29.4.2008,+17,752,+12,753,ัว 2์/๑
30.4.2008,+20,754,+15,755,ว 2์/๑
1.5.2008,+21,752,+16,750,ว 2์/๑
2.5.2008,+14,751,+8,753,ัย 4์/๑
3.5.2008,+13,754,+9,754,ั 4์/๑
4.5.2008,+15,755,+8,754,ัย 2์/๑
5.5.2008,+17,752,+11,751,ว 1์/๑
6.5.2008,+19,746,+14,744,ว 2์/๑
7.5.2008,+20,742,+16,743,ว 2์/๑
8.5.2008,+20,741,+15,743,ั 3์/๑
9.5.2008,+19,746,+12,748,ว 2์/๑
10.5.2008,+20,751,+14,752,ว 2์/๑
11.5.2008,+24,748,+19,748,ย 3์/๑
12.5.2008,+24,745,+15,745,ั 2์/๑
13.5.2008,+21,744,+15,744,ว 3์/๑
14.5.2008,+12,738,+11,736,ย 1์/๑
15.5.2008,+10,741,+7,744,ว 4์/๑
16.5.2008,+13,749,+11,750,ว 3์/๑
17.5.2008,+21,749,+18,749,ว 3์/๑
18.5.2008,+22,751,+18,752,ว 1์/๑
19.5.2008,+27,752,+21,752,ว 3์/๑
20.5.2008,+29,752,+21,751,ว 2์/๑
21.5.2008,+29,750,+21,750,ว 1์/๑
22.5.2008,+29,748,+19,748,ว 1์/๑
23.5.2008,+18,751,+17,752,ั 4์/๑
24.5.2008,+20,748,+22,745,ย 2์/๑
25.5.2008,+25,744,+20,743,ว 2์/๑
26.5.2008,+22,739,+16,741,ัว 2์/๑
27.5.2008,+17,744,+15,744,ั 2์/๑
28.5.2008,+10,742,+9,741,ั 3์/๑
29.5.2008,+11,738,+10,739,ัว 2์/๑
30.5.2008,+19,740,+13,741,ว 2์/๑
31.5.2008,+12,740,+12,740,ัย 1์/๑
1.6.2008,+16,742,+11,744,ว 2์/๑
2.6.2008,+13,747,+11,748,ว 1์/๑
3.6.2008,+19,747,+12,748,ุ
4.6.2008,+19,746,+16,746,ว 1์/๑
5.6.2008,+16,739,+12,740,ว 3์/๑
6.6.2008,+14,743,+11,743,ัว 3์/๑
7.6.2008,+12,744,+8,746,ั 3์/๑
8.6.2008,+9,749,+7,749,ั 3์/๑
9.6.2008,+14,748,+14,746,ว 4์/๑
10.6.2008,+21,741,+16,741,ว 4์/๑
11.6.2008,+20,746,+16,745,ว 2์/๑
12.6.2008,+28,747,+23,746,ว 2์/๑
13.6.2008,+27,747,+22,745,ย 1์/๑
14.6.2008,+26,745,+22,744,ั 1์/๑
15.6.2008,+27,744,+23,744,ั 3์/๑
16.6.2008,+30,745,+24,745,ย 1์/๑
17.6.2008,+25,746,+22,744,ุ
18.6.2008,+27,744,+23,744,ว 1์/๑
19.6.2008,+27,745,+22,746,ั 1์/๑
20.6.2008,+23,747,+21,748,ัย 3์/๑
21.6.2008,+26,747,+23,746,ัย 3์/๑
22.6.2008,+31,742,+26,741,ย 3์/๑
23.6.2008,+25,741,+21,741,ว 2์/๑
24.6.2008,+22,740,+20,739,ัย 2์/๑
25.6.2008,+17,738,+17,738,ย 1์/๑
26.6.2008,+20,740,+15,742,ว 2์/๑
27.6.2008,+20,745,+15,746,ัว 3์/๑
28.6.2008,+23,747,+16,747,ัว 2์/๑
29.6.2008,+21,744,+16,744,ว 2์/๑
30.6.2008,+21,739,+19,738,ย 1์/๑
1.7.2008,+19,738,+17,738,ว 1์/๑
2.7.2008,+21,738,+18,738,ุ
3.7.2008,+21,738,+19,738,ั 2์/๑
4.7.2008,+23,739,+19,739,ัย 2์/๑
5.7.2008,+24,738,+18,738,ย 2์/๑
6.7.2008,+27,741,+24,741,ย 1์/๑
7.7.2008,+28,743,+21,744, 3์/๑
8.7.2008,+24,746,+23,744,ัย 1์/๑
9.7.2008,+26,743,+22,743,ั 2์/๑
10.7.2008,+26,744,+22,743, 3์/๑
11.7.2008,+28,744,+24,744,ว 2์/๑
12.7.2008,+21,742,+19,742, 2์/๑
13.7.2008,+23,744,+18,745,ัว 2์/๑
14.7.2008,+27,748,+23,748,ว 2์/๑
15.7.2008,+30,748,+25,747,ัว 2์/๑
16.7.2008,+32,746,+24,745,ั 1์/๑
17.7.2008,+32,746,+27,747,ั 2์/๑
18.7.2008,+31,748,+25,747,ย 3์/๑
19.7.2008,+31,747,+22,746,ย 2์/๑
20.7.2008,+31,744,+28,744,ย 1์/๑
21.7.2008,+25,747,+22,747, 1์/๑
22.7.2008,+28,748,+24,748,ั 2์/๑
23.7.2008,+32,749,+27,750,ัย 1์/๑
24.7.2008,+31,749,+24,748,ย 1์/๑
25.7.2008,+27,746,+22,746,ั 2์/๑
26.7.2008,+26,745,+22,745,ั 1์/๑
27.7.2008,+22,744,+20,744,ุ
28.7.2008,+15,741,+15,741,ัย 3์/๑
29.7.2008,+24,744,+16,744,ว 1์/๑
30.7.2008,+21,747,+17,747,ว 4์/๑
31.7.2008,+23,749,+16,750,ว 2์/๑
1.8.2008,+23,750,+15,750,ว 2์/๑
2.8.2008,+24,747,+17,747,ว 1์/๑
3.8.2008,+25,747,+19,747,ว 3์/๑
4.8.2008,+23,742,+20,742,ั 2์/๑
5.8.2008,+24,744,+21,741,ว 2์/๑
6.8.2008,+21,738,+19,736,ว 3์/๑
7.8.2008,+17,736,+12,738,ัว 1์/๑
8.8.2008,+13,743,+12,746,ว 3์/๑
9.8.2008,+20,748,+15,748,ว 2์/๑
10.8.2008,+23,749,+20,748,ว 3์/๑
11.8.2008,+30,749,+20,749,ว 3์/๑
12.8.2008,+31,750,+22,749,ว 1์/๑
13.8.2008,+33,751,+22,751,ว 1์/๑
14.8.2008,+33,751,+23,750,ว 1์/๑
15.8.2008,+33,750,+23,750,ว 1์/๑
16.8.2008,+35,750,+28,750,ุ
17.8.2008,+32,752,+26,751,ั 2์/๑
18.8.2008,+32,752,+23,750,ุ
19.8.2008,+33,747,+24,746, 1์/๑
20.8.2008,+35,744,+27,744, 1์/๑
21.8.2008,+23,747,,,
22.8.2008,+27,746,+19,744, 1์/๑
23.8.2008,+25,747,+18,747,ว 1์/๑
24.8.2008,+27,750,+21,750,ว 2์/๑
25.8.2008,+28,750,+23,749,ย 2์/๑
26.8.2008,+30,746,,,
27.8.2008,+22,740,+18,741,ว 5์/๑
28.8.2008,+19,744,+15,746,ว 3์/๑
29.8.2008,+25,744,+22,743,ว 3์/๑
30.8.2008,+24,740,+23,738, 4์/๑
31.8.2008,+18,733,+13,735,ว 5์/๑
1.9.2008,+13,741,+9,745,ว 3์/๑
2.9.2008,+15,749,+13,748,ว 5์/๑
3.9.2008,+14,751,+15,751,ว 2์/๑
4.9.2008,+20,753,+16,753,ว 2์/๑
5.9.2008,+26,753,+17,752,ว 3์/๑
6.9.2008,+29,753,+19,753,ว 2์/๑
7.9.2008,+30,753,+19,751, 2์/๑
8.9.2008,+29,748,+22,747,ว 3์/๑
9.9.2008,+29,744,+18,744,ว 2์/๑
10.9.2008,+18,747,+10,748,ั 2์/๑
11.9.2008,+16,747,+13,745,ย 3์/๑
12.9.2008,+13,741,+13,739,ย 3์/๑
13.9.2008,+15,741,+12,741,ว 1์/๑
14.9.2008,+15,742,+13,743, 1์/๑
15.9.2008,+11,734,+11,735,ย 2์/๑
16.9.2008,+8,746,+7,749,ั 3์/๑
17.9.2008,+10,753,+7,755,ั 2์/๑
18.9.2008,+12,757,+10,758,ัว 2์/๑
19.9.2008,+14,760,+11,760,ย 1์/๑
20.9.2008,+14,762,+10,762,ัย 2์/๑
21.9.2008,+14,763,+10,763,ย 2์/๑
22.9.2008,+15,762,+9,761,ย 2์/๑
23.9.2008,+15,759,+10,759,ย 2์/๑
24.9.2008,+15,757,+11,756,ย 1์/๑
25.9.2008,+13,753,+10,753,ุ
26.9.2008,+10,751,+6,752,ั 3์/๑
27.9.2008,+6,753,+3,752,ั 2์/๑
28.9.2008,+7,752,+5,751,ย 1์/๑
29.9.2008,+14,747,+12,748,ว 4์/๑
30.9.2008,+14,749,+12,750,ว 3์/๑
1.10.2008,+15,752,+10,753, 2์/๑
2.10.2008,+17,753,+11,753, 1์/๑
3.10.2008,+20,754,+15,755,ว 3์/๑
4.10.2008,+21,756,+14,757, 2์/๑
5.10.2008,+21,756,+15,756, 2์/๑
6.10.2008,+21,755,+15,755,ุ
7.10.2008,+21,752,+14,752,ุ
8.10.2008,+21,748,+15,747,ว 1์/๑
9.10.2008,+9,746,+7,747,ั 3์/๑
10.10.2008,+6,752,+3,753,ว 3์/๑
11.10.2008,+5,753,+5,753,ุ
12.10.2008,+7,744,+8,741,ว 4์/๑
13.10.2008,+12,741,+9,741,ว 2์/๑
14.10.2008,+12,745,+8,747,ว 4์/๑
15.10.2008,+13,742,+11,742,ว 4์/๑
16.10.2008,+10,749,+5,750,ัว 2์/๑
17.10.2008,+11,752,+9,752,ว 1์/๑
18.10.2008,+10,753,+8,751, 2์/๑
19.10.2008,+7,749,+7,750,ว 2์/๑
20.10.2008,+8,747,+6,744, 2์/๑
21.10.2008,+8,748,+6,751,ั 2์/๑
22.10.2008,+9,756,+7,756,ว 2์/๑
23.10.2008,+11,756,+8,756,ว 2์/๑
24.10.2008,+11,756,+7,757,ว 3์/๑
25.10.2008,+8,762,+4,763,ั 2์/๑
26.10.2008,+9,762,+5,762,ุ
27.10.2008,+9,758,+5,758,ว 3์/๑
28.10.2008,+8,759,+5,759,ว 2์/๑
29.10.2008,+9,760,+6,760,ว 2์/๑
30.10.2008,+11,762,+7,762,ว 1์/๑
31.10.2008,+13,762,+8,761, 1์/๑
1.11.2008,+13,759,+8,758,ว 3์/๑
2.11.2008,+11,754,+9,751, 2์/๑
3.11.2008,+6,749,+3,751,ัว 2์/๑
4.11.2008,+4,751,+2,753,ว 4์/๑
5.11.2008,+6,746,+4,743, 4์/๑
6.11.2008,+2,743,+1,745,ัว 2์/๑
7.11.2008,-1,754,-1,756,ั 2์/๑
8.11.2008,-1,755,+1,758,ัว 2์/๑
9.11.2008,+2,762,+1,760,ว 2์/๑
10.11.2008,+5,757,+3,758,ว 4์/๑
11.11.2008,+4,759,+4,759,ว 2์/๑
12.11.2008,+7,758,+3,759,ว 3์/๑
13.11.2008,+7,761,+3,761,ว 2์/๑
14.11.2008,+4,760,+1,759,ุ
15.11.2008,+6,753,+4,751,ย 2์/๑
16.11.2008,+4,748,+5,750, 2์/๑
17.11.2008,+6,746,+5,747,ว 2์/๑
18.11.2008,+7,745,+7,746, 5์/๑
19.11.2008,+1,744,+1,745,ว 5์/๑
20.11.2008,0,741,0,740,ว 3์/๑
21.11.2008,+4,735,+5,736,ว 4์/๑
22.11.2008,+7,743,+9,744, 3์/๑
23.11.2008,+10,743,+8,743,ย 4์/๑
24.11.2008,+4,752,+1,753,ย 1์/๑
25.11.2008,+1,759,0,758,ว 2์/๑
26.11.2008,0,749,+1,744,ย 2์/๑
27.11.2008,+1,743,-1,744,ว 1์/๑
28.11.2008,+1,753,+1,756,ว 3์/๑
29.11.2008,+2,760,+2,761,ว 2์/๑
30.11.2008,+2,764,+2,764,ุ
1.12.2008,+3,765,0,765,ัย 2์/๑
2.12.2008,+1,762,0,762,ย 3์/๑
3.12.2008,+1,762,+1,763,ย 2์/๑
4.12.2008,0,760,0,759, 2์/๑
5.12.2008,+2,758,+2,756,ว 1์/๑
6.12.2008,+2,754,+3,754, 3์/๑
7.12.2008,+4,753,+4,753, 2์/๑
8.12.2008,+5,750,+2,750,ย 2์/๑
9.12.2008,+3,751,+1,750,ย 2์/๑
10.12.2008,0,753,0,754,ย 1์/๑
11.12.2008,0,759,0,761,ุ
12.12.2008,0,761,-2,760,ั 2์/๑
13.12.2008,-3,754,-3,755,ว 3์/๑
14.12.2008,-4,759,-6,762,ั 3์/๑
15.12.2008,-8,761,-8,759,ัว 1์/๑
16.12.2008,-9,759,-9,759,ั 2์/๑
17.12.2008,-7,763,-9,765,ัย 2์/๑
18.12.2008,-10,766,-13,766,ุ
19.12.2008,-13,765,-14,765,ุ
20.12.2008,-13,765,-14,764,ุ
21.12.2008,-12,763,-16,763,ุ
22.12.2008,-11,762,-12,761,ุ
23.12.2008,-12,761,-12,761,ย 1์/๑
24.12.2008,-9,760,-10,760,ย 3์/๑
25.12.2008,-9,763,-8,765,ย 3์/๑
26.12.2008,-8,768,-11,768,ุ
27.12.2008,-9,762,-12,759,ว 1์/๑
28.12.2008,-8,752,-10,751,ว 2์/๑
29.12.2008,-8,753,-8,755,ุ
30.12.2008,-8,759,-10,759,ว 2์/๑
31.12.2008,-8,756,-12,755, 2์/๑
1.1.2009,-10,747,-12,744, 2์/๑
2.1.2009,-8,740,-9,741, 2์/๑
3.1.2009,-14,745,-16,747,ว 2์/๑
4.1.2009,-16,747,-13,745,ย 2์/๑
5.1.2009,-12,748,-13,748,ย 1์/๑
6.1.2009,-15,748,-18,750,ว 1์/๑
7.1.2009,-16,751,-16,753,ว 2์/๑
8.1.2009,-15,756,-17,756, 2์/๑
9.1.2009,-13,745,-13,744,ย 2์/๑
10.1.2009,-16,747,-16,747,ย 2์/๑
11.1.2009,-20,750,-22,750,ั 3์/๑
12.1.2009,-18,751,-20,751,ว 1์/๑
13.1.2009,-16,749,-12,746, 2์/๑
14.1.2009,-4,746,-6,749,ว 3์/๑
15.1.2009,-2,753,-2,753,ว 1์/๑
16.1.2009,-5,748,-2,750, 2์/๑
17.1.2009,-4,757,-5,758,ั 3์/๑
18.1.2009,-7,756,-7,753,ย 5์/๑
19.1.2009,-5,753,-8,753,ุ
20.1.2009,-7,753,-7,755, 2์/๑
21.1.2009,-5,759,-5,761,ุ
22.1.2009,-7,763,-8,763,ว 1์/๑
23.1.2009,-7,759,-11,758, 3์/๑
24.1.2009,-7,753,-8,753,ย 3์/๑
25.1.2009,-4,754,-8,754, 1์/๑
26.1.2009,-6,756,-8,756,ย 1์/๑
27.1.2009,-4,755,-8,755,ย 1์/๑
28.1.2009,-5,754,-9,753,ว 1์/๑
29.1.2009,-7,751,-12,751,ุ
30.1.2009,-9,751,-10,753,ย 2์/๑
31.1.2009,-8,753,-8,753,ย 2์/๑
1.2.2009,-6,753,-10,754,ัว 1์/๑
2.2.2009,-8,754,-11,752,ว 1์/๑
3.2.2009,-8,747,-11,749,ว 2์/๑
4.2.2009,-8,748,-11,753,ว 4์/๑
5.2.2009,-5,741,-4,742,ว 3์/๑
6.2.2009,-7,744,-11,744,ย 2์/๑
7.2.2009,-17,747,-18,750,ัว 2์/๑
8.2.2009,-11,753,-10,754,ุ
9.2.2009,-6,756,-12,756,ว 2์/๑
10.2.2009,-8,755,-11,755,ย 2์/๑
11.2.2009,-4,754,-7,753,ย 3์/๑
12.2.2009,-5,754,-5,754,ย 2์/๑
13.2.2009,-5,751,-7,751,ย 3์/๑
14.2.2009,-2,756,-3,756,ุ
15.2.2009,-2,756,-5,756,ย 2์/๑
16.2.2009,-2,756,-7,756,ย 3์/๑
17.2.2009,-3,756,-4,756,ย 2์/๑
18.2.2009,-3,755,-7,756,ย 1์/๑
19.2.2009,-3,756,-4,756,ย 2์/๑
20.2.2009,-3,762,-9,765,ย 3์/๑
21.2.2009,-8,767,-11,765,ย 3์/๑
22.2.2009,-8,761,-12,761,ย 3์/๑
23.2.2009,-7,759,-9,760,ย 1์/๑
24.2.2009,-4,760,-8,760,ย 1์/๑
25.2.2009,-5,757,-10,756,ย 2์/๑
26.2.2009,-5,754,-7,753,ย 1์/๑
27.2.2009,-5,753,-5,753,ย 2์/๑
28.2.2009,-3,750,-4,749,ย 3์/๑
1.3.2009,+1,745,-3,745,ย 4์/๑
2.3.2009,-1,742,-2,741,ย 5์/๑
3.3.2009,-1,750,-5,751, 1์/๑
4.3.2009,+1,750,-5,750,ัว 2์/๑
5.3.2009,0,751,-5,752,ุ
6.3.2009,-2,751,-6,753,ุ
7.3.2009,-2,756,-5,756,ัย 1์/๑
8.3.2009,-3,757,-6,756,ย 2์/๑
9.3.2009,-3,751,-4,748,ย 5์/๑
10.3.2009,+1,741,0,744,ว 2์/๑
11.3.2009,+1,747,0,748, 3์/๑
12.3.2009,+1,747,0,744,ย 1์/๑
13.3.2009,0,750,-2,751,ว 3์/๑
14.3.2009,-1,751,-6,753,ั 2์/๑
15.3.2009,-2,755,-6,755,ั 2์/๑
16.3.2009,+2,757,-5,756,ั 2์/๑
17.3.2009,+1,753,-4,753,ว 1์/๑
18.3.2009,+2,752,-4,753,ว 1์/๑
19.3.2009,+1,756,-3,756,ุ
20.3.2009,+2,753,-3,753,ว 1์/๑
21.3.2009,+3,745,-1,742, 2์/๑
22.3.2009,+1,727,0,731, 3์/๑
23.3.2009,-1,737,-5,741,ว 3์/๑
24.3.2009,-1,744,-3,741,ย 3์/๑
25.3.2009,+5,741,-1,743,ัว 1์/๑
26.3.2009,+7,743,+4,744,ย 2์/๑
27.3.2009,+3,750,+1,751,ุ
28.3.2009,+12,754,+8,755,ย 1์/๑
29.3.2009,+11,759,+9,759,ย 1์/๑
30.3.2009,+16,761,+11,759,ย 1์/๑
31.3.2009,+16,756,+11,756,ว 4์/๑
1.4.2009,+16,749,+12,747,ว 4์/๑
2.4.2009,+6,741,+3,740,ว 2์/๑
3.4.2009,+1,741,0,743,ัว 4์/๑
4.4.2009,+1,740,0,742,ัย 1์/๑
5.4.2009,+2,747,-1,748,ัว 3์/๑
6.4.2009,+4,747,+2,746,ว 1์/๑
7.4.2009,+4,738,+1,744,ว 4์/๑
8.4.2009,+1,751,-2,753,ัว 3์/๑
9.4.2009,0,755,-2,756,ั 3์/๑
10.4.2009,+2,755,-1,756,ั 4์/๑
11.4.2009,+6,753,+2,754,ั 5์/๑
12.4.2009,+7,755,+3,756,ัว 3์/๑
13.4.2009,+9,752,+5,751,ัว 2์/๑
14.4.2009,+9,751,+6,750, 1์/๑
15.4.2009,+12,750,+8,749, 3์/๑
16.4.2009,+14,748,+10,747,ว 4์/๑
17.4.2009,+3,750,0,750,ัย 3์/๑
18.4.2009,+16,742,+14,741, 7์/๑
19.4.2009,+2,741,+2,741,ุ
20.4.2009,+3,738,+1,740,ั 3์/๑
21.4.2009,+4,738,0,738,ัว 2์/๑
22.4.2009,0,742,-2,744,ว 2์/๑
23.4.2009,+4,744,+3,746,ว 3์/๑
24.4.2009,+9,750,+7,749,ว 2์/๑
25.4.2009,+8,749,+7,749,ั 4์/๑
26.4.2009,+10,750,+6,752,ัว 2์/๑
27.4.2009,+21,747,+15,747,ว 3์/๑
28.4.2009,+23,750,+19,749,ว 2์/๑
29.4.2009,+24,746,+17,745,ว 5์/๑
30.4.2009,+26,743,+20,742,ว 2์/๑
1.5.2009,+12,743,+6,745,ั 3์/๑
2.5.2009,+13,749,+10,750,ั 3์/๑
3.5.2009,+19,749,+13,750,ัว 3์/๑
4.5.2009,+21,749,+18,750,ว 4์/๑
5.5.2009,+24,749,+17,750,ว 2์/๑
6.5.2009,+23,750,+19,749, 2์/๑
7.5.2009,+22,745,+18,744,ย 4์/๑
8.5.2009,+25,743,+18,744,ย 1์/๑
9.5.2009,+20,743,+16,744,ย 3์/๑
10.5.2009,+24,747,+17,750,ั 2์/๑
11.5.2009,+24,750,+16,750,ว 3์/๑
12.5.2009,+21,750,+15,750,ย 1์/๑
13.5.2009,+21,744,+15,743,ย 2์/๑
14.5.2009,+19,743,+15,744,ว 2์/๑
15.5.2009,+15,744,+11,744,ว 3์/๑
16.5.2009,+12,743,+9,743,ว 3์/๑
17.5.2009,+10,747,+8,748,ว 2์/๑
18.5.2009,+11,750,+9,749,ว 2์/๑
19.5.2009,+12,746,+11,745,ัว 3์/๑
20.5.2009,+19,747,+14,748,ั 3์/๑
21.5.2009,+16,747,+11,747,ว 4์/๑
22.5.2009,+16,751,+10,753,ั 2์/๑
23.5.2009,+17,751,+14,750, 2์/๑
24.5.2009,+23,744,+17,744, 4์/๑
25.5.2009,+11,738,+13,741,ย 4์/๑
26.5.2009,+18,743,+13,744,ว 2์/๑
27.5.2009,+22,747,+17,749,ั 2์/๑
28.5.2009,+24,751,+16,752,ว 1์/๑
29.5.2009,+25,753,+22,753,ย 2์/๑
30.5.2009,+28,750,+22,750,ัว 2์/๑
31.5.2009,+23,749,+18,750,ั 4์/๑
1.6.2009,+22,751,+19,749,ั 3์/๑
2.6.2009,+27,746,+23,745,ว 4์/๑
3.6.2009,+28,746,+24,745,ว 5์/๑
4.6.2009,+30,744,+26,744, 5์/๑
5.6.2009,+26,745,+24,745,ัว 2์/๑
6.6.2009,+28,743,+22,744,ั 2์/๑
7.6.2009,+24,747,+16,750,ว 2์/๑
8.6.2009,+25,751,+25,751,ว 3์/๑
9.6.2009,+30,752,+19,753,ว 2์/๑
10.6.2009,+26,754,+19,756,ัว 2์/๑
11.6.2009,+28,753,+28,753,ว 2์/๑
12.6.2009,+31,752,+27,752,ุ
13.6.2009,+35,750,+26,750,ย 2์/๑
14.6.2009,+35,750,+29,750,ว 2์/๑
15.6.2009,+36,748,+26,748,ย 2์/๑
16.6.2009,+34,747,+24,748,ย 3์/๑
17.6.2009,+29,750,+24,750,ว 3์/๑
18.6.2009,+28,747,+21,747, 2์/๑
19.6.2009,+19,749,+17,750,ัว 3์/๑
20.6.2009,+23,752,+20,751,ว 2์/๑
21.6.2009,+30,752,+23,752,ว 2์/๑
22.6.2009,+31,753,+24,753,ว 1์/๑
23.6.2009,+27,753,+20,754,ย 2์/๑
24.6.2009,+23,754,+20,754,ัย 2์/๑
25.6.2009,+23,754,+20,753,ย 2์/๑
26.6.2009,+26,753,+20,753,ั 3์/๑
27.6.2009,+25,755,+20,756,ัย 2์/๑
28.6.2009,+27,754,+21,753,ว 3์/๑
29.6.2009,+28,747,+20,747,ว 5์/๑
30.6.2009,+21,751,+15,753,ั 2์/๑
1.7.2009,+20,752,+16,752,ัว 3์/๑
2.7.2009,+24,747,+19,744,ัว 3์/๑
3.7.2009,+25,737,+16,737,ว 4์/๑
4.7.2009,+20,728,+16,733,ย 2์/๑
5.7.2009,+18,737,+14,738,ัว 2์/๑
6.7.2009,+18,737,+15,736,ย 1์/๑
7.7.2009,+14,738,+12,742,ว 3์/๑
8.7.2009,+22,748,+16,750,ัว 4์/๑
9.7.2009,+25,749,+18,748,ว 2์/๑
10.7.2009,+21,747,+19,747,ุ
11.7.2009,+28,747,+22,747,ัว 1์/๑
12.7.2009,+29,748,+24,748,ัย 2์/๑
13.7.2009,+29,748,+25,747,ว 2์/๑
14.7.2009,+31,748,+25,748,ย 2์/๑
15.7.2009,+32,748,+27,749,ั 2์/๑
16.7.2009,+29,749,+23,750,ั 2์/๑
17.7.2009,+29,749,+23,747,ว 1์/๑
18.7.2009,+31,745,+25,746,ว 3์/๑
19.7.2009,+31,745,+24,745,ัว 2์/๑
20.7.2009,+30,746,+24,746,ั 3์/๑
21.7.2009,+31,747,+27,746,ย 2์/๑
22.7.2009,+27,742,+23,743,ัย 2์/๑
23.7.2009,+20,746,+19,746,ว 1์/๑
24.7.2009,+26,747,+19,747,ว 4์/๑
25.7.2009,+27,746,+22,745,ว 2์/๑
26.7.2009,+30,745,+25,745,ัว 2์/๑
27.7.2009,+30,746,+26,747, 2์/๑
28.7.2009,+30,747,+23,746,ย 1์/๑
29.7.2009,+33,745,+28,746,ัย 1์/๑
30.7.2009,+29,745,+24,744,ว 1์/๑
31.7.2009,+24,742,+21,742,ย 1์/๑
1.8.2009,+27,743,+22,744,ัว 2์/๑
2.8.2009,+25,746,+20,746,ัย 2์/๑
3.8.2009,+26,747,+19,747,ว 1์/๑
4.8.2009,+29,746,+23,744,ว 2์/๑
5.8.2009,+24,741,+19,740,ัย 1์/๑
6.8.2009,+20,742,+14,745,ั 4์/๑
7.8.2009,+19,745,+16,746,ั 3์/๑
8.8.2009,+16,746,+14,747,ัว 1์/๑
9.8.2009,+16,747,+12,749,ว 1์/๑
10.8.2009,+20,747,+18,747,ว 2์/๑
11.8.2009,+25,748,+20,749,ว 2์/๑
12.8.2009,+28,750,+22,750,ย 1์/๑
13.8.2009,+21,749,+18,747,ย 1์/๑
14.8.2009,+19,744,+20,744,ว 3์/๑
15.8.2009,+23,745,+19,744,ว 4์/๑
16.8.2009,+23,744,+16,745,ว 3์/๑
17.8.2009,+23,747,+19,748,ว 3์/๑
18.8.2009,+29,748,+20,748,ว 4์/๑
19.8.2009,+31,748,+26,748,ว 1์/๑
20.8.2009,+25,747,+18,747, 2์/๑
21.8.2009,+25,743,+19,741,ั 2์/๑
22.8.2009,+15,745,+15,745,ย 1์/๑
23.8.2009,+20,742,+15,742,ว 2์/๑
24.8.2009,+20,746,+15,748,ั 2์/๑
25.8.2009,+21,747,+14,747,ั 2์/๑
26.8.2009,+22,744,+17,745,ว 2์/๑
27.8.2009,+23,746,+17,747,ั 2์/๑
28.8.2009,+21,747,+16,747,ว 1์/๑
29.8.2009,+23,745,+19,744,ว 2์/๑
30.8.2009,+21,747,+17,748,ัว 1์/๑
31.8.2009,+23,751,+17,753,ัย 2์/๑
1.9.2009,+23,757,+16,758,ย 1์/๑
2.9.2009,+26,756,+16,756,ั 1์/๑
3.9.2009,+27,756,+19,756,ว 2์/๑
4.9.2009,+27,756,+22,756,ย 2์/๑
5.9.2009,+26,755,+22,755,ย 2์/๑
6.9.2009,+28,755,+23,756,ย 1์/๑
7.9.2009,+28,757,+18,758,ย 2์/๑
8.9.2009,+28,758,+18,759,ว 1์/๑
9.9.2009,+26,757,+18,756,ัว 2์/๑
10.9.2009,+19,752,+17,751,ัว 3์/๑
11.9.2009,+24,749,+21,750,ุ
12.9.2009,+21,749,+17,750,ย 1์/๑
13.9.2009,+21,750,+19,750,ัย 2์/๑
14.9.2009,+25,750,+20,751,ย 1์/๑
15.9.2009,+21,750,+15,751,ั 1์/๑
16.9.2009,+17,752,+13,753,ั 2์/๑
17.9.2009,+17,753,+15,750,ย 1์/๑
18.9.2009,+15,747,+15,746, 2์/๑
19.9.2009,+13,747,+7,748,ย 1์/๑
20.9.2009,+14,750,+6,750,ัว 3์/๑
21.9.2009,+14,753,+8,752,ุ
22.9.2009,+18,749,+16,749,ว 3์/๑
23.9.2009,+18,744,+13,744,ว 2์/๑
24.9.2009,+17,741,+16,741,ว 2์/๑
25.9.2009,+13,744,+9,744, 1์/๑
26.9.2009,+13,744,+10,747,ุ
27.9.2009,+17,751,+10,752,ว 2์/๑
28.9.2009,+15,750,+14,749,ว 2์/๑
29.9.2009,+13,747,+16,744,ว 3์/๑
30.9.2009,+13,741,+13,741,ย 2์/๑
1.10.2009,+9,744,+4,747,ั 2์/๑
2.10.2009,+12,746,+11,744, 5์/๑
3.10.2009,+11,748,+7,749,ว 3์/๑
4.10.2009,+12,753,+8,754,ั 1์/๑
5.10.2009,+11,748,+8,744, 2์/๑
6.10.2009,+12,744,+7,746,ว 5์/๑
7.10.2009,+8,752,+7,754,ัว 2์/๑
8.10.2009,+11,754,+11,753,ว 3์/๑
9.10.2009,+17,749,+12,747,ว 6์/๑
10.10.2009,+9,751,+2,755,ัว 3์/๑
11.10.2009,+10,757,+4,758,ว 2์/๑
12.10.2009,+10,756,+6,756,ย 3์/๑
13.10.2009,+18,753,+13,753, 2์/๑
14.10.2009,+20,754,+14,755,ย 2์/๑
15.10.2009,+19,757,+13,758, 2์/๑
16.10.2009,+17,758,+14,759,ว 1์/๑
17.10.2009,+18,756,+13,756, 2์/๑
18.10.2009,+18,756,+15,757, 1์/๑
19.10.2009,+21,756,+17,756, 2์/๑
20.10.2009,+17,756,+10,756,ว 1์/๑
21.10.2009,+10,757,+8,758,ัย 1์/๑
22.10.2009,+11,760,+5,763,ย 2์/๑
23.10.2009,+7,759,+6,756,ย 2์/๑
24.10.2009,+6,749,+7,747,ุ
25.10.2009,+3,753,-1,758,ั 4์/๑
26.10.2009,+2,762,-2,762,ุ
27.10.2009,+3,757,+2,755,ว 2์/๑
28.10.2009,+6,751,+2,750, 3์/๑
29.10.2009,+3,743,+4,742,ย 2์/๑
30.10.2009,+6,742,+3,744,ว 3์/๑
31.10.2009,+1,749,0,750,ว 3์/๑
1.11.2009,0,750,-2,751,ว 3์/๑
2.11.2009,-1,753,-3,754,ัย 2์/๑
3.11.2009,-3,754,-6,754,ั 2์/๑
4.11.2009,-4,754,-3,754,ัย 2์/๑
5.11.2009,-3,757,-2,759,ัย 1์/๑
6.11.2009,0,761,0,762,ัย 1์/๑
7.11.2009,-3,763,-3,764,ย 1์/๑
8.11.2009,-1,765,-2,765,ั 2์/๑
9.11.2009,-1,760,-1,759,ว 3์/๑
10.11.2009,+1,759,+1,759,ุ
11.11.2009,0,759,-1,758,ย 2์/๑
12.11.2009,+3,758,0,759,ย 2์/๑
13.11.2009,+4,761,0,764,ย 3์/๑
14.11.2009,+2,764,0,765,ย 3์/๑
15.11.2009,+1,762,-2,762,ย 2์/๑
16.11.2009,+1,759,-1,759,ย 3์/๑
17.11.2009,0,757,-2,757,ย 4์/๑
18.11.2009,-1,757,-2,756,ุ
19.11.2009,0,750,+1,749,ย 2์/๑
20.11.2009,+1,747,+1,746,ย 1์/๑
21.11.2009,+1,747,0,746,ัว 1์/๑
22.11.2009,0,738,0,737,ย 2์/๑
23.11.2009,+1,744,+1,747,ุ
24.11.2009,+1,750,+1,748,ว 2์/๑
25.11.2009,+3,747,+2,746, 2์/๑
26.11.2009,+3,745,+3,747, 1์/๑
27.11.2009,+4,748,+4,749,ว 2์/๑
28.11.2009,+5,751,+5,753,ว 1์/๑
29.11.2009,+7,752,+5,752,ว 2์/๑
30.11.2009,+3,753,+4,753, 2์/๑
1.12.2009,+3,758,+1,761,ัว 1์/๑
2.12.2009,+1,762,+1,761, 2์/๑
3.12.2009,+1,755,+1,753,ว 4์/๑
4.12.2009,0,752,0,753,ว 3์/๑
5.12.2009,-3,759,-5,759,ัย 3์/๑
6.12.2009,-8,763,-12,765,ั 1์/๑
7.12.2009,-12,766,-12,766,ย 2์/๑
8.12.2009,-9,765,-10,764,ว 3์/๑
9.12.2009,-8,760,-9,759,ว 3์/๑
10.12.2009,-7,761,-9,762,ุ
11.12.2009,-10,762,-12,761,ย 1์/๑
12.12.2009,-10,758,-10,756,ย 2์/๑
13.12.2009,-9,747,-9,744,ย 1์/๑
14.12.2009,-11,747,-19,750,ั 1์/๑
15.12.2009,-23,754,-25,753,ั 2์/๑
16.12.2009,-24,755,-28,758,ัว 1์/๑
17.12.2009,-25,761,-26,761,ุ
18.12.2009,-22,755,-20,753,ุ
19.12.2009,-13,751,-16,752,ัย 2์/๑
20.12.2009,-15,755,-16,756,ัย 1์/๑
21.12.2009,-11,755,-8,753,ย 3์/๑
22.12.2009,-7,753,-6,756,ย 1์/๑
23.12.2009,-12,764,-14,764,ุ
24.12.2009,-9,761,-8,759, 3์/๑
25.12.2009,-4,756,-4,755, 3์/๑
26.12.2009,-3,752,-3,750,ุ
27.12.2009,-2,740,-1,737,ย 5์/๑
28.12.2009,+1,744,-1,753,ว 4์/๑
29.12.2009,-2,742,0,739,ย 2์/๑
30.12.2009,-2,741,-1,741,ย 2์/๑
31.12.2009,-2,746,-4,745,ย 2์/๑
1.1.2010,-4,745,-1,742,ย 3์/๑
2.1.2010,-5,743,-6,741,ย 2์/๑
3.1.2010,-3,734,0,734,ย 1์/๑
4.1.2010,-17,743,-21,747,ัว 2์/๑
5.1.2010,-19,757,-21,759,ั 1์/๑
6.1.2010,-18,763,-22,764,ุ
7.1.2010,-17,767,-21,767,ัว 2์/๑
8.1.2010,-20,766,-17,764,ย 2์/๑
9.1.2010,-8,761,-8,760, 1์/๑
10.1.2010,-12,760,-16,760,ุ
11.1.2010,-14,756,-12,756,ว 1์/๑
12.1.2010,-11,752,-12,750,ว 2์/๑
13.1.2010,-7,747,-7,748,ว 3์/๑
14.1.2010,-8,751,-12,755,ัว 2์/๑
15.1.2010,-14,761,-16,761,ุ
16.1.2010,-17,768,-20,771,ุ
17.1.2010,-17,774,-22,774,ุ
18.1.2010,-18,770,-21,770,ว 2์/๑
19.1.2010,-17,769,-19,769,ย 1์/๑
20.1.2010,-17,770,-17,770,ย 1์/๑
21.1.2010,-15,767,-19,765,ุ
22.1.2010,-20,763,-26,764,ุ
23.1.2010,-22,762,-27,762,ุ
24.1.2010,-19,761,-21,760,ุ
25.1.2010,-14,761,-13,761,ย 2์/๑
26.1.2010,-7,761,-10,764,ย 4์/๑
27.1.2010,-12,762,-15,759,ย 3์/๑
28.1.2010,-14,749,-16,747,ย 2์/๑
29.1.2010,-15,748,-20,750,ย 1์/๑
30.1.2010,-16,750,-12,750,ย 4์/๑
31.1.2010,-7,757,-7,758,ย 1์/๑
1.2.2010,-5,758,-6,759,ย 3์/๑
2.2.2010,-7,759,-9,760,ย 3์/๑
3.2.2010,-11,764,-14,766,ย 3์/๑
4.2.2010,-9,772,-12,773,ย 2์/๑
5.2.2010,-9,770,-13,768,ุ
6.2.2010,-10,767,-16,767,ัว 1์/๑
7.2.2010,-11,767,-16,767,ว 1์/๑
8.2.2010,-13,767,-15,767,ย 2์/๑
9.2.2010,-14,770,-16,770,ย 4์/๑
10.2.2010,-15,774,-18,775,ย 2์/๑
11.2.2010,-16,776,-19,776,ย 2์/๑
12.2.2010,-12,776,-16,776,ย 1์/๑
13.2.2010,-10,773,-15,770,ว 1์/๑
14.2.2010,-10,764,-13,761,ย 3์/๑
15.2.2010,-10,752,-9,749,ย 3์/๑
16.2.2010,-7,740,-7,736,ย 2์/๑
17.2.2010,-6,740,-10,743,ัว 4์/๑
18.2.2010,-9,751,-14,751,ว 1์/๑
19.2.2010,-11,746,-12,748,ว 3์/๑
20.2.2010,-4,745,-8,746,ว 2์/๑
21.2.2010,-12,743,-12,743,ย 3์/๑
22.2.2010,-9,743,-10,743,ย 4์/๑
23.2.2010,-7,743,-8,745,ย 3์/๑
24.2.2010,-5,746,-6,747,ัย 2์/๑
25.2.2010,-3,749,-3,750,ุ
26.2.2010,-3,754,-5,755,ุ
27.2.2010,-3,755,-7,755,ว 2์/๑
28.2.2010,-6,755,-10,756,ัว 2์/๑
1.3.2010,-8,758,-10,758,ย 1์/๑
2.3.2010,-6,755,-8,753,ย 3์/๑
3.3.2010,-4,752,-5,752,ย 1์/๑
4.3.2010,-4,750,-6,748,ย 2์/๑
5.3.2010,0,747,-4,750,ว 2์/๑
6.3.2010,-5,753,-6,752,ย 2์/๑
7.3.2010,-4,749,-4,747,ย 2์/๑
8.3.2010,-3,740,-5,742,ั 1์/๑
9.3.2010,-6,749,-11,750,ัว 2์/๑
10.3.2010,-4,751,-8,750,ว 2์/๑
11.3.2010,-3,746,-4,749,ว 4์/๑
12.3.2010,-1,751,-5,749, 2์/๑
13.3.2010,0,737,-1,738,ว 4์/๑
14.3.2010,0,738,-2,738,ว 2์/๑
15.3.2010,0,742,-4,744,ว 4์/๑
16.3.2010,+1,738,-4,740,ว 3์/๑
17.3.2010,-5,746,-7,748,ว 3์/๑
18.3.2010,-4,754,-10,755,ว 2์/๑
19.3.2010,-7,755,-11,755,ว 4์/๑
20.3.2010,-2,746,-4,749,ว 2์/๑
21.3.2010,+3,746,+1,745,ว 1์/๑
22.3.2010,+3,741,+2,739,ว 3์/๑
23.3.2010,+2,744,-3,749,ัว 4์/๑
24.3.2010,+1,749,-1,747,ว 4์/๑
25.3.2010,0,749,-4,752,ั 2์/๑
26.3.2010,0,758,-4,759,ัว 3์/๑
27.3.2010,+1,758,-2,758,ว 5์/๑
28.3.2010,+4,758,-1,758, 2์/๑
29.3.2010,+5,758,0,758,ย 2์/๑
30.3.2010,+5,757,+2,757,ย 2์/๑
31.3.2010,+8,757,+4,757,ย 2์/๑
1.4.2010,+10,757,+6,758,ย 3์/๑
2.4.2010,+9,759,+5,759,ย 2์/๑
3.4.2010,+8,758,+6,757,ั 2์/๑
4.4.2010,+12,757,+7,756,ัย 2์/๑
5.4.2010,+11,756,+8,755,ัย 2์/๑
6.4.2010,+12,755,,,
7.4.2010,+4,759,+1,760,ย 3์/๑
8.4.2010,+4,761,0,761,ย 3์/๑
9.4.2010,+6,758,+3,757,ย 2์/๑
10.4.2010,+9,755,+5,755,ย 3์/๑
11.4.2010,+9,754,+5,753,ั 3์/๑
12.4.2010,+12,753,+7,753,ัย 3์/๑
13.4.2010,+9,752,+4,752,ัว 2์/๑
14.4.2010,+8,749,+2,751,ัว 3์/๑
15.4.2010,+11,752,+8,751,ว 2์/๑
16.4.2010,+13,751,+9,752,ว 2์/๑
17.4.2010,+17,752,+10,752, 3์/๑
18.4.2010,+13,748,+11,750,ว 1์/๑
19.4.2010,+17,749,+12,750,ัว 3์/๑
20.4.2010,+20,750,+16,751,ว 3์/๑
21.4.2010,+21,751,+17,750,ย 2์/๑
22.4.2010,+23,747,+19,746, 4์/๑
23.4.2010,+18,748,+13,752,ว 4์/๑
24.4.2010,+14,758,+10,758,ว 3์/๑
25.4.2010,+17,752,+12,749,ว 3์/๑
26.4.2010,+11,749,+4,749,ั 3์/๑
27.4.2010,+5,750,+1,752,ัย 2์/๑
28.4.2010,+11,749,+8,749,ัว 5์/๑
29.4.2010,+15,747,+10,748,ว 4์/๑
30.4.2010,+17,751,+14,750,ว 2์/๑
1.5.2010,+17,752,+15,752, 3์/๑
2.5.2010,+20,753,+19,752,ว 3์/๑
3.5.2010,+21,754,+21,754,ว 2์/๑
4.5.2010,+26,755,+18,755,ว 3์/๑
5.5.2010,+28,754,+19,752,ว 1์/๑
6.5.2010,+29,752,+21,752,ัว 2์/๑
7.5.2010,+30,751,+24,750,ว 2์/๑
8.5.2010,+27,753,+20,753,ัย 3์/๑
9.5.2010,+26,751,+22,751,ย 3์/๑
10.5.2010,+24,752,+19,752,ย 4์/๑
11.5.2010,+24,755,+19,756,ย 3์/๑
12.5.2010,+25,755,+21,753,ย 2์/๑
13.5.2010,+22,754,+18,753,ย 2์/๑
14.5.2010,+25,751,+16,752,ย 6์/๑
15.5.2010,+20,752,+19,752,ย 3์/๑
16.5.2010,+26,750,+20,749,ย 2์/๑
17.5.2010,+26,747,+23,746,ัว 1์/๑
18.5.2010,+21,746,+17,747,ัย 2์/๑
19.5.2010,+22,746,+16,746,ั 2์/๑
20.5.2010,+20,749,+15,750,ัย 4์/๑
21.5.2010,+18,754,+11,753,ย 2์/๑
22.5.2010,+21,749,+17,748,ว 3์/๑
23.5.2010,+24,746,+16,746,ว 2์/๑
24.5.2010,+26,743,+19,743,ย 1์/๑
25.5.2010,+24,741,+20,740,ย 2์/๑
26.5.2010,+19,737,+19,737,ย 2์/๑
27.5.2010,+15,738,+11,740,ว 4์/๑
28.5.2010,+13,739,+13,741,ว 3์/๑
29.5.2010,+13,747,+12,749,ัว 2์/๑
30.5.2010,+20,752,+15,752,ย 2์/๑
31.5.2010,+23,754,+20,753,ว 2์/๑
1.6.2010,+26,754,+22,753,ว 2์/๑
2.6.2010,+28,754,+23,752,ัว 1์/๑
3.6.2010,+31,740,+22,749,ว 2์/๑
4.6.2010,+33,748,+28,746,ว 3์/๑
5.6.2010,+30,743,+26,742,ว 2์/๑
6.6.2010,+20,749,+14,749,ั 2์/๑
7.6.2010,+22,750,+16,749,ัว 2์/๑
8.6.2010,+25,748,+18,747,ว 2์/๑
9.6.2010,+29,746,+23,744,ว 3์/๑
10.6.2010,+19,748,+16,748,ัย 2์/๑
11.6.2010,+22,749,+17,750,ั 1์/๑
12.6.2010,+27,749,+26,747,ว 4์/๑
13.6.2010,+34,745,+31,744,ว 4์/๑
14.6.2010,+24,744,+24,745,ัว 1์/๑
15.6.2010,+27,748,+22,747,ั 3์/๑
16.6.2010,+29,745,+23,743,ั 1์/๑
17.6.2010,+27,740,+20,740,ัว 3์/๑
18.6.2010,+22,743,+19,745,ัว 2์/๑
19.6.2010,+20,748,+17,751,ั 3์/๑
20.6.2010,+25,754,+21,755,ั 2์/๑
21.6.2010,+26,755,+19,755,ั 2์/๑
22.6.2010,+28,753,+24,752,ั 2์/๑
23.6.2010,+32,750,+27,749,ย 2์/๑
24.6.2010,+33,749,+23,748,ว 2์/๑
25.6.2010,+35,749,+25,748,ัว 1์/๑
26.6.2010,+35,749,+29,749,ว 2์/๑
27.6.2010,+36,750,+29,750,ย 1์/๑
28.6.2010,+36,747,+28,749,ย 2์/๑
29.6.2010,+30,747,+28,747,ั 3์/๑
30.6.2010,+25,748,+21,748,ย 1์/๑
1.7.2010,+27,749,+23,749,ย 2์/๑
2.7.2010,+27,750,+21,749,ย 2์/๑
3.7.2010,+29,749,+26,748,ย 3์/๑
4.7.2010,+30,746,+25,746,ัว 2์/๑
5.7.2010,+31,746,+25,747,ัย 3์/๑
6.7.2010,+30,747,+26,747,ัย 2์/๑
7.7.2010,+31,746,+27,746,ย 2์/๑
8.7.2010,+32,749,+25,749,ย 2์/๑
9.7.2010,+34,749,+26,749,ว 2์/๑
10.7.2010,+35,749,+28,749,ว 3์/๑
11.7.2010,+36,748,+29,748,ว 2์/๑
12.7.2010,+33,746,+29,746,ัย 3์/๑
13.7.2010,+27,745,+22,744,ั 3์/๑
14.7.2010,+26,745,+22,744,ัย 4์/๑
15.7.2010,+26,745,+26,745,ั 3์/๑
16.7.2010,+31,746,+28,746,ัย 5์/๑
17.7.2010,+35,744,+30,746,ั 3์/๑
18.7.2010,+35,745,+22,746,ว 2์/๑
19.7.2010,+28,749,+24,749,ย 2์/๑
20.7.2010,+29,752,+21,750,ว 3์/๑
21.7.2010,+34,750,+24,749,ว 3์/๑
22.7.2010,+35,750,+30,750,ัย 1์/๑
23.7.2010,+35,751,+27,750,ว 2์/๑
24.7.2010,+37,749,+32,749,ัย 1์/๑
25.7.2010,+36,749,+26,750,ย 2์/๑
26.7.2010,+38,752,+31,752,ั 2์/๑
27.7.2010,+35,754,+31,754,ย 1์/๑
28.7.2010,+36,752,+32,752,ัว 2์/๑
29.7.2010,+38,752,+32,752,ย 2์/๑
30.7.2010,+38,751,+32,752, 1์/๑
31.7.2010,+38,752,+31,752,ว 1์/๑
1.8.2010,+39,752,+32,752,ว 2์/๑
2.8.2010,+40,751,+29,750,ัว 2์/๑
3.8.2010,+38,749,+33,749,ย 2์/๑
4.8.2010,+36,749,+32,749,ัย 1์/๑
5.8.2010,+35,752,+29,752,ัย 1์/๑
6.8.2010,+36,753,+27,753,ย 2์/๑
7.8.2010,+37,752,+26,752,ว 1์/๑
8.8.2010,+37,751,+31,751,ั 3์/๑
9.8.2010,+34,752,+29,752,ัย 3์/๑
10.8.2010,+35,752,+28,752,ย 2์/๑
11.8.2010,+34,752,+28,753,ว 1์/๑
12.8.2010,+36,752,+25,751,ย 2์/๑
13.8.2010,+36,751,+30,752,ย 2์/๑
14.8.2010,+32,752,+25,752,ัย 3์/๑
15.8.2010,+27,752,+23,750,ั 3์/๑
16.8.2010,+29,749,+21,747,ว 2์/๑
17.8.2010,+29,746,+23,746,ัว 4์/๑
18.8.2010,+29,746,+27,743,ว 3์/๑
19.8.2010,+31,739,+26,737,ว 4์/๑
20.8.2010,+27,737,+20,735,ว 5์/๑
21.8.2010,+12,742,+13,743,ั 4์/๑
22.8.2010,+18,748,+14,748,ัว 3์/๑
23.8.2010,+25,743,+20,742,ว 3์/๑
24.8.2010,+23,743,+21,743,ว 2์/๑
25.8.2010,+27,743,+26,743,ว 3์/๑
26.8.2010,+31,741,+21,740,ว 1์/๑
27.8.2010,+23,743,+18,743,ว 2์/๑
28.8.2010,+24,745,+22,743,ว 2์/๑
29.8.2010,+32,742,+28,742,ว 4์/๑
30.8.2010,+28,741,+17,745,ัว 3์/๑
31.8.2010,+20,750,+11,753,ัย 1์/๑
1.9.2010,+19,755,+16,755,ย 2์/๑
2.9.2010,+29,752,+23,752,ย 6์/๑
3.9.2010,+29,750,+24,751,ัย 2์/๑
4.9.2010,+23,753,,,
5.9.2010,+19,753,+17,752,ั 1์/๑
6.9.2010,+19,747,+11,748,ั 3์/๑
7.9.2010,+13,751,+9,752,ัว 4์/๑
8.9.2010,+15,755,+11,754,ัว 1์/๑
9.9.2010,+17,754,+14,754,ัย 3์/๑
10.9.2010,+18,755,+14,755,ว 3์/๑
11.9.2010,+17,758,+12,757,ัย 2์/๑
12.9.2010,+20,755,+16,754,ว 2์/๑
13.9.2010,+15,753,+13,754,ย 2์/๑
14.9.2010,+17,757,+11,756,ย 2์/๑
15.9.2010,+19,757,+13,755,ว 2์/๑
16.9.2010,+23,755,+17,755,ว 3์/๑
17.9.2010,+25,753,+20,753,ว 3์/๑
18.9.2010,+25,753,+20,752, 2์/๑
19.9.2010,+25,752,+21,752,ว 3์/๑
20.9.2010,+26,753,+21,752,ว 4์/๑
21.9.2010,+26,752,+17,753,ว 2์/๑
22.9.2010,+24,752,+21,750,ย 2์/๑
23.9.2010,+16,747,+14,746,ย 2์/๑
24.9.2010,+12,746,+11,747,ัว 2์/๑
25.9.2010,+13,745,+11,752,ั 3์/๑
26.9.2010,+19,752,+12,752,ว 2์/๑
27.9.2010,+20,750,+14,750,ว 3์/๑
28.9.2010,+20,747,+18,745,ว 2์/๑
29.9.2010,+21,740,+14,740,ว 3์/๑
30.9.2010,+6,746,+5,747,ัว 2์/๑
1.10.2010,+7,746,+5,747,ัย 3์/๑
2.10.2010,+9,751,+4,753,ัย 3์/๑
3.10.2010,+6,758,+2,760,ว 2์/๑
4.10.2010,+5,761,+3,761,ัว 2์/๑
5.10.2010,+3,761,+3,761,ัย 1์/๑
6.10.2010,+5,761,+4,761,ัย 1์/๑
7.10.2010,+11,760,+8,760,ว 2์/๑
8.10.2010,+13,761,+6,761,ัว 1์/๑
9.10.2010,+14,757,+5,755,ย 1์/๑
10.10.2010,+14,751,+10,750,ว 1์/๑
11.10.2010,+14,745,+11,744, 3์/๑
12.10.2010,+14,736,+8,733,ย 2์/๑
13.10.2010,+4,732,+4,734,ว 3์/๑
14.10.2010,+2,738,+3,742,ว 4์/๑
15.10.2010,+6,745,+5,745,ว 3์/๑
16.10.2010,+10,746,+3,749,ว 3์/๑
17.10.2010,+5,753,+1,755,ัว 2์/๑
18.10.2010,+7,758,+4,758,ว 2์/๑
19.10.2010,+5,761,-1,763,ัย 1์/๑
20.10.2010,+7,764,+2,763,ย 2์/๑
21.10.2010,+1,754,+3,752,ย 4์/๑
22.10.2010,+6,749,+7,751, 2์/๑
23.10.2010,+8,756,+5,758,ว 4์/๑
24.10.2010,+8,760,+4,760, 1์/๑
25.10.2010,+8,758,+5,758,ย 1์/๑
26.10.2010,+8,758,+5,757,ว 2์/๑
27.10.2010,+8,752,+7,749, 2์/๑
28.10.2010,+7,744,+9,743,ย 2์/๑
29.10.2010,+3,744,+1,746,ว 3์/๑
30.10.2010,+1,749,+1,751,ว 2์/๑
31.10.2010,+1,755,-1,757,ัย 2์/๑
1.11.2010,0,755,-3,754,ั 2์/๑
2.11.2010,+3,750,+3,750,ว 2์/๑
3.11.2010,+6,752,+6,754,ว 1์/๑
4.11.2010,+8,750,+8,745, 2์/๑
5.11.2010,+8,739,+6,737,ว 3์/๑
6.11.2010,+4,735,+4,738,ัว 2์/๑
7.11.2010,+2,739,+1,743,ัย 1์/๑
8.11.2010,+5,754,+4,755, 1์/๑
9.11.2010,+3,755,+4,755,ย 2์/๑
10.11.2010,+7,755,+6,755,ย 1์/๑
11.11.2010,+8,750,+6,749, 2์/๑
12.11.2010,+6,746,+6,746, 1์/๑
13.11.2010,+8,740,+9,740,ว 3์/๑
14.11.2010,+9,741,+8,744,ว 4์/๑
15.11.2010,+7,754,+7,755,ว 2์/๑
16.11.2010,+13,752,+10,751,ว 4์/๑
17.11.2010,+9,754,+7,757,ุ
18.11.2010,+1,766,-2,767,ย 2์/๑
19.11.2010,+1,765,-2,763,ย 2์/๑
20.11.2010,+1,755,0,755,ว 2์/๑
21.11.2010,-5,758,-7,757,ย 3์/๑
22.11.2010,-4,752,-2,750, 2์/๑
23.11.2010,0,749,0,749,ุ
24.11.2010,+2,749,0,749, 2์/๑
25.11.2010,+8,743,+7,744,ว 3์/๑
26.11.2010,+3,744,+1,747,ว 3์/๑
27.11.2010,-1,746,0,742,ย 3์/๑
28.11.2010,-1,740,-1,743,ัว 4์/๑
29.11.2010,-2,752,-4,752,ว 2์/๑
30.11.2010,+1,728,-2,726,ย 4์/๑
1.12.2010,-17,741,-21,746,ัว 4์/๑
2.12.2010,-19,756,-21,761,ัว 1์/๑
3.12.2010,-16,767,-16,767,ย 1์/๑
4.12.2010,-7,761,-4,758,ย 4์/๑
5.12.2010,-2,752,0,750, 1์/๑
6.12.2010,0,745,+1,745,ย 2์/๑
7.12.2010,-6,753,-5,754,ุ
8.12.2010,-4,753,-4,752, 2์/๑
9.12.2010,-1,750,-1,750,ย 1์/๑
10.12.2010,0,747,0,746,ย 3์/๑
11.12.2010,+2,746,0,748,ย 4์/๑
12.12.2010,-3,749,-4,749,ย 3์/๑
13.12.2010,-3,746,-3,745,ย 4์/๑
14.12.2010,-2,745,-2,746,ย 2์/๑
15.12.2010,-3,749,-2,749,ว 2์/๑
16.12.2010,-5,751,-5,751,ว 5์/๑
17.12.2010,-4,751,-9,752,ุ
18.12.2010,-11,752,-12,752,ัย 1์/๑
19.12.2010,-11,755,-13,755,ย 2์/๑
20.12.2010,-12,754,-10,754,ย 4์/๑
21.12.2010,-5,756,-3,752,ย 3์/๑
22.12.2010,-2,753,-4,753,ุ
23.12.2010,-5,751,-8,751,ุ
24.12.2010,-10,757,-11,755,ย 1์/๑
25.12.2010,-2,750,+1,749,ุ
26.12.2010,+2,749,0,751,ย 1์/๑
27.12.2010,+3,749,+3,749, 1์/๑
28.12.2010,+1,752,-4,755,ุ
29.12.2010,-5,760,-6,761,ย 2์/๑
30.12.2010,+1,761,-1,760,ย 5์/๑
31.12.2010,-2,756,-3,756,ย 3์/๑
1.1.2011,-6,753,-6,753,ย 3์/๑
2.1.2011,-6,751,-6,752,ย 3์/๑
3.1.2011,-8,755,-8,758,ย 3์/๑
4.1.2011,-11,760,-15,760,ย 2์/๑
5.1.2011,-6,756,-5,756,ย 2์/๑
6.1.2011,-8,764,-9,767,ัย 1์/๑
7.1.2011,-12,769,-13,769,ย 1์/๑
8.1.2011,-15,767,-16,766,ย 2์/๑
9.1.2011,-15,767,-18,766,ย 1์/๑
10.1.2011,-13,765,-15,765,ว 2์/๑
11.1.2011,-12,761,-14,761,ว 2์/๑
12.1.2011,-8,761,-7,761,ว 1์/๑
13.1.2011,-11,759,-11,758,ย 1์/๑
14.1.2011,+10,756,-10,755,ย 3์/๑
15.1.2011,-5,755,-7,755,ย 3์/๑
16.1.2011,-9,754,-9,754,ย 4์/๑
17.1.2011,-9,754,-11,755,ย 5์/๑
18.1.2011,-14,756,-14,756,ัย 3์/๑
19.1.2011,-13,756,-14,757,ย 2์/๑
20.1.2011,-14,758,-15,758,ว 1์/๑
21.1.2011,-17,759,-21,759,ั 1์/๑
22.1.2011,-16,761,-18,761,ย 2์/๑
23.1.2011,-14,759,-14,758,ย 3์/๑
24.1.2011,-10,749,-8,747,ย 4์/๑
25.1.2011,-5,749,-11,752,ุ
26.1.2011,-6,749,-7,746,ย 3์/๑
27.1.2011,-5,749,-11,750,ัว 1์/๑
28.1.2011,-11,750,-11,749,ว 2์/๑
29.1.2011,-10,743,-8,743,ว 3์/๑
30.1.2011,-7,737,-8,738,ว 4์/๑
31.1.2011,-7,745,-8,747,ว 3์/๑
1.2.2011,-10,749,-12,748,ว 1์/๑
2.2.2011,-11,747,-19,749,ัว 1์/๑
3.2.2011,-14,750,-14,750,ว 2์/๑
4.2.2011,-7,748,-6,747,ว 2์/๑
5.2.2011,-5,740,-5,737, 3์/๑
6.2.2011,-5,728,-6,727,ัย 2์/๑
7.2.2011,-5,733,-8,735,ั 4์/๑
8.2.2011,-7,741,-11,741,ั 3์/๑
9.2.2011,-7,730,-5,728,ย 3์/๑
10.2.2011,-7,731,-12,734,ั 1์/๑
11.2.2011,-15,740,-18,743,ัว 2์/๑
12.2.2011,-15,746,-18,746,ย 1์/๑
13.2.2011,-11,740,-10,740,ย 5์/๑
14.2.2011,-12,737,-16,738,ย 2์/๑
15.2.2011,-15,738,-18,740,ย 1์/๑
16.2.2011,-17,744,-21,746,ัว 1์/๑
17.2.2011,-19,746,-23,747,ว 1์/๑
18.2.2011,-18,751,-22,752,ัย 2์/๑
19.2.2011,-18,752,-20,752,ว 2์/๑
20.2.2011,-17,756,-25,751,ย 1์/๑
21.2.2011,-19,764,-23,766,ัว 1์/๑
22.2.2011,-16,768,-20,770,ัว 3์/๑
23.2.2011,-14,773,-19,773,ั 2์/๑
24.2.2011,-13,776,-18,776,ย 1์/๑
25.2.2011,-14,777,-19,776,ย 1์/๑
26.2.2011,-13,774,-17,773,ย 1์/๑
27.2.2011,-13,774,-17,773,ย 1์/๑
28.2.2011,-10,774,-13,773,ย 1์/๑
1.3.2011,-8,747,-16,765,ุ
2.3.2011,-10,761,-13,760,ว 1์/๑
3.3.2011,-10,758,-15,758,ย 2์/๑
4.3.2011,-12,749,-15,746, 2์/๑
5.3.2011,-7,737,-5,731,ว 3์/๑
6.3.2011,0,732,-4,737,ว 7์/๑
7.3.2011,-1,749,-4,752, 1์/๑
8.3.2011,-2,756,-5,758,ั 2์/๑
9.3.2011,-3,761,-7,761,ว 2์/๑
10.3.2011,-1,763,-9,762,ัว 2์/๑
11.3.2011,-3,761,-5,758,ย 2์/๑
12.3.2011,-3,750,-5,750,ย 1์/๑
13.3.2011,-5,755,-8,755, 1์/๑
14.3.2011,0,759,-5,760,ั 1์/๑
15.3.2011,+1,751,+2,749,ว 4์/๑
16.3.2011,+1,749,-1,749,ั 1์/๑
17.3.2011,+1,753,0,755,ัว 1์/๑
18.3.2011,-1,756,-1,755,ย 4์/๑
19.3.2011,-1,758,-4,758, 2์/๑
20.3.2011,-3,760,-4,760,ย 2์/๑
21.3.2011,-1,759,-2,758,ย 2์/๑
22.3.2011,-2,754,-2,752,ย 1์/๑
23.3.2011,+1,743,-1,740,ว 3์/๑
24.3.2011,+1,730,-1,728,ว 5์/๑
25.3.2011,-3,727,-5,731,ว 5์/๑
26.3.2011,-2,741,-6,741,ว 5์/๑
27.3.2011,-3,748,-7,752,ว 5์/๑
28.3.2011,-2,758,-7,758,ว 2์/๑
29.3.2011,-3,755,-5,752, 3์/๑
30.3.2011,+2,750,-1,751,ย 1์/๑
31.3.2011,+5,749,-1,752,ว 4์/๑
1.4.2011,+1,758,-2,761,ัว 2์/๑
2.4.2011,+2,764,-3,763,ว 4์/๑
3.4.2011,+3,763,+2,764,ว 3์/๑
4.4.2011,+7,764,+3,764,ว 4์/๑
5.4.2011,+8,761,+4,760,ย 2์/๑
6.4.2011,+8,752,+4,750,ย 3์/๑
7.4.2011,+8,741,+5,737,ย 3์/๑
8.4.2011,+4,735,+3,734,ย 1์/๑
9.4.2011,+4,734,+2,732, 2์/๑
10.4.2011,+5,731,+3,732,ว 4์/๑
11.4.2011,+7,741,+5,742,ว 2์/๑
12.4.2011,+8,746,+5,746, 2์/๑
13.4.2011,+7,746,+4,743,ั 2์/๑
14.4.2011,+7,738,+4,739,ัว 3์/๑
15.4.2011,+5,743,+5,747,ว 2์/๑
16.4.2011,+7,747,+8,744,ย 4์/๑
17.4.2011,+8,746,+4,746,ว 3์/๑
18.4.2011,+11,740,+8,737,ว 4์/๑
19.4.2011,+5,737,+3,738,ว 2์/๑
20.4.2011,+5,744,+4,746,ว 3์/๑
21.4.2011,+4,749,+2,751,ั 1์/๑
22.4.2011,+9,752,+10,754,ว 4์/๑
23.4.2011,+15,753,+10,754,ว 3์/๑
24.4.2011,+13,750,+8,749,ัว 3์/๑
25.4.2011,+15,748,+10,749,ัว 3์/๑
26.4.2011,+11,756,+8,758,ว 2์/๑
27.4.2011,+15,760,+9,758,ว 1์/๑
28.4.2011,+17,752,+12,751,ว 2์/๑
29.4.2011,+21,748,+17,749,ว 3์/๑
30.4.2011,+21,749,+19,749,ว 2์/๑
1.5.2011,+14,748,+12,747,ย 2์/๑
2.5.2011,+19,744,+13,745,ย 2์/๑
3.5.2011,+17,739,+14,739,ั 2์/๑
4.5.2011,+14,742,+14,742, 1์/๑
5.5.2011,+17,746,+14,747,ย 2์/๑
6.5.2011,+16,753,+12,755,ย 6์/๑
7.5.2011,+18,760,+15,760,ย 3์/๑
8.5.2011,+23,758,+18,758,ย 3์/๑
9.5.2011,+24,755,+19,754,ย 2์/๑
10.5.2011,+23,751,+19,750,ว 3์/๑
11.5.2011,+21,746,+16,746,ัย 2์/๑
12.5.2011,+12,749,+9,750,ั 3์/๑
13.5.2011,+12,748,+9,748,ั 2์/๑
14.5.2011,+14,748,+12,749,ว 2์/๑
15.5.2011,+15,752,+13,753,ัย 2์/๑
16.5.2011,+20,753,+20,752,ย 3์/๑
17.5.2011,+22,753,+18,754,ว 1์/๑
18.5.2011,+21,752,+19,752,ว 2์/๑
19.5.2011,+21,749,+16,750,ว 3์/๑
20.5.2011,+21,752,+15,752,ว 2์/๑
21.5.2011,+26,750,+19,749,ว 3์/๑
22.5.2011,+26,749,+21,749,ั 2์/๑
23.5.2011,+25,749,+18,750,ั 2์/๑
24.5.2011,+22,751,+18,751,ั 3์/๑
25.5.2011,+21,749,+17,747, 2์/๑
26.5.2011,+22,744,+20,743,ว 2์/๑
27.5.2011,+15,744,+13,741,ย 2์/๑
28.5.2011,+15,744,+13,747,ย 1์/๑
29.5.2011,+21,750,+17,751,ัว 3์/๑
30.5.2011,+26,752,+24,752,ว 4์/๑
31.5.2011,+25,751,+19,752,ั 4์/๑
1.6.2011,+22,750,+19,750,ั 4์/๑
2.6.2011,+25,747,+22,746,ั 4์/๑
3.6.2011,+27,743,+21,742,ั 3์/๑
4.6.2011,+17,737,+14,736,ว 2์/๑
5.6.2011,+15,734,+14,737,ว 4์/๑
6.6.2011,+18,740,+15,742,ัว 3์/๑
7.6.2011,+14,746,+11,746,ั 3์/๑
8.6.2011,+17,743,+12,743, 2์/๑
9.6.2011,+17,741,+15,740,ย 2์/๑
10.6.2011,+17,738,+16,737,ัว 2์/๑
11.6.2011,+17,735,+16,735,ัว 1์/๑
12.6.2011,+16,740,+12,742,ว 2์/๑
13.6.2011,+20,744,+16,745,ว 2์/๑
14.6.2011,+19,747,+17,747,ย 2์/๑
15.6.2011,+21,745,+19,744,ย 1์/๑
16.6.2011,+21,746,+16,747,ั 1์/๑
17.6.2011,+19,745,+17,743,ว 4์/๑
18.6.2011,+19,745,+20,745,ัว 4์/๑
20.6.2011,+25,745,+22,744,ุ
21.6.2011,+20,743,+19,742,ย 3์/๑
22.6.2011,+20,738,+18,739,ย 1์/๑
23.6.2011,+17,738,+17,740, 1์/๑
24.6.2011,+19,740,+17,741,ว 2์/๑
25.6.2011,+23,742,+18,741,ั 3์/๑
26.6.2011,+20,741,+19,741,ัย 2์/๑
27.6.2011,+23,744,+20,746,ย 2์/๑
28.6.2011,+27,749,+23,749,ย 2์/๑
29.6.2011,+29,750,+24,749,ย 1์/๑
30.6.2011,+28,749,+22,749,ัย 2์/๑
1.7.2011,+26,750,+23,749,ย 2์/๑
2.7.2011,+29,749,+25,748,ย 2์/๑
3.7.2011,+31,747,+26,746,ย 2์/๑
4.7.2011,+33,746,+25,746,ั 1์/๑
5.7.2011,+33,746,+28,746,ย 3์/๑
6.7.2011,+29,748,+27,747,ั 1์/๑
7.7.2011,+32,749,+29,747,ย 2์/๑
8.7.2011,+35,745,+25,747,ว 1์/๑
9.7.2011,+30,743,+23,743,ว 3์/๑
10.7.2011,+21,740,+20,740,ั 1์/๑
11.7.2011,+22,746,+17,748,ัย 3์/๑
12.7.2011,+24,749,+20,749,ัว 3์/๑
13.7.2011,+27,749,+20,749,ัย 2์/๑
14.7.2011,+26,749,,,
15.7.2011,+27,750,+22,749,ัว 4์/๑
16.7.2011,+27,751,+22,749,ั 2์/๑
17.7.2011,+28,749,+23,747,ว 2์/๑
18.7.2011,+30,746,+23,746,ุ
19.7.2011,+32,746,+26,746,ว 2์/๑
20.7.2011,+31,747,+26,748,ว 2์/๑
21.7.2011,+30,750,+24,750,ย 2์/๑
22.7.2011,+27,752,+19,743,ย 2์/๑
23.7.2011,+29,751,+26,750,ย 2์/๑
24.7.2011,+31,752,+28,752,ัย 2์/๑
25.7.2011,+32,753,+30,753,ัย 2์/๑
26.7.2011,+36,754,+29,754, 2์/๑
27.7.2011,+27,753,+26,751,ัว 1์/๑
28.7.2011,+32,747,+27,746,ุ
29.7.2011,+34,741,+23,741,ั 3์/๑
30.7.2011,+31,740,+23,740,ว 3์/๑
31.7.2011,+29,739,+25,738,ั 2์/๑
1.8.2011,+21,738,+19,740,ั 1์/๑
2.8.2011,+18,743,+16,743, 2์/๑
3.8.2011,+21,747,+17,749,ั 3์/๑
4.8.2011,+22,746,+19,746,ย 3์/๑
5.8.2011,+19,741,+17,740,ย 2์/๑
6.8.2011,+22,742,+19,745,ัว 4์/๑
7.8.2011,+23,749,+15,750,ัว 3์/๑
8.8.2011,+27,751,+18,751,ว 2์/๑
9.8.2011,+29,752,+23,751,ว 3์/๑
10.8.2011,+32,752,+22,752,ัว 2์/๑
11.8.2011,+31,751,+26,750,ย 2์/๑
12.8.2011,+34,748,+28,749,ัย 2์/๑
13.8.2011,+28,748,+25,748,ย 2์/๑
14.8.2011,+29,747,+26,747,ย 2์/๑
15.8.2011,+33,746,+27,746,ย 2์/๑
16.8.2011,+31,746,+23,746,ย 3์/๑
17.8.2011,+25,746,+20,746,ัย 3์/๑
18.8.2011,+23,746,+18,746,ัย 2์/๑
19.8.2011,+22,746,+18,747,ย 2์/๑
20.8.2011,+19,747,+17,748,ย 2์/๑
21.8.2011,+22,746,+20,745,ย 2์/๑
22.8.2011,+14,742,+13,742,ัย 3์/๑
23.8.2011,+18,744,+14,746,ั 3์/๑
24.8.2011,+13,749,+10,750,ย 1์/๑
25.8.2011,+18,751,+13,753,ั 3์/๑
26.8.2011,+22,754,+19,753,ว 2์/๑
27.8.2011,+22,752,+15,752,ัว 3์/๑
28.8.2011,+20,746,+18,747,ว 2์/๑
29.8.2011,+21,750,+17,750,ุ
30.8.2011,+27,750,+17,749,ว 2์/๑
31.8.2011,+30,750,+22,749,ว 1์/๑
1.9.2011,+29,749,+22,748,ว 3์/๑
2.9.2011,+28,746,+23,743, 3์/๑
3.9.2011,+22,743,+19,744,ุ
4.9.2011,+21,749,+14,749,ัย 1์/๑
5.9.2011,+19,748,+16,746,ัย 2์/๑
6.9.2011,+18,737,+13,737,ย 1์/๑
7.9.2011,+13,736,+12,737, 2์/๑
8.9.2011,+14,738,+14,739,ว 2์/๑
9.9.2011,+20,739,+16,738,ย 2์/๑
10.9.2011,+16,737,+13,738,ว 4์/๑
11.9.2011,+16,740,+15,740,ว 3์/๑
12.9.2011,+14,740,+12,739, 1์/๑
13.9.2011,+15,740,+10,742,ุ
14.9.2011,+17,746,+15,747,ว 3์/๑
15.9.2011,+22,745,+15,746,ัว 3์/๑
16.9.2011,+15,746,+16,745,ย 1์/๑
17.9.2011,+17,746,+9,746,ั 1์/๑
18.9.2011,+15,747,+12,749,ว 2์/๑
19.9.2011,+15,752,+8,752,ัว 2์/๑
20.9.2011,+14,752,+7,752,ัว 3์/๑
21.9.2011,+10,745,+11,744,ว 2์/๑
22.9.2011,+10,749,+7,749,ัว 2์/๑
23.9.2011,+13,748,+13,749,ว 2์/๑
24.9.2011,+20,747,+14,746,ว 3์/๑
25.9.2011,+10,743,+11,741,ย 1์/๑
26.9.2011,+11,744,+8,747,ว 6์/๑
27.9.2011,+9,749,+6,749,ัว 2์/๑
28.9.2011,+9,749,+9,745,ว 2์/๑
29.9.2011,+10,743,+9,746,ว 4์/๑
30.9.2011,+13,749,+5,748, 1์/๑
1.10.2011,+12,737,+9,735,ว 2์/๑
2.10.2011,+7,731,+7,732,ัย 3์/๑
3.10.2011,+10,737,+9,739,ว 1์/๑
4.10.2011,+9,741,+8,743,ัว 2์/๑
5.10.2011,+9,744,+10,742,ว 2์/๑
6.10.2011,+12,742,+7,745,ัว 2์/๑
7.10.2011,+14,749,+11,750,ว 2์/๑
8.10.2011,+16,751,+13,753,ว 3์/๑
9.10.2011,+17,756,+13,757, 3์/๑
10.10.2011,+17,755,+14,753,ย 2์/๑
11.10.2011,+15,749,+15,748, 3์/๑
12.10.2011,+17,746,+16,745,ว 3์/๑
13.10.2011,+19,739,+12,740,ว 3์/๑
14.10.2011,+11,749,+3,751,ว 2์/๑
15.10.2011,+10,754,+5,754,ัว 1์/๑
16.10.2011,+6,756,+3,758,ัว 2์/๑
17.10.2011,+6,759,+3,760,ว 2์/๑
18.10.2011,+7,759,+3,759,ย 1์/๑
19.10.2011,+9,755,+6,755,ย 2์/๑
20.10.2011,+12,756,+9,757,ย 1์/๑
21.10.2011,+15,757,+10,757, 1์/๑
22.10.2011,+8,755,+7,755,ัว 2์/๑
23.10.2011,+8,754,+4,753,ว 2์/๑
24.10.2011,+4,752,+3,753,ัย 2์/๑
25.10.2011,+4,754,+1,755,ัย 3์/๑
26.10.2011,+3,757,0,757,ัย 2์/๑
27.10.2011,+3,755,+3,755,ั 3์/๑
28.10.2011,+1,758,0,761,ัว 2์/๑
29.10.2011,+1,758,+1,755,ว 3์/๑
30.10.2011,+3,748,+4,747,ว 3์/๑
31.10.2011,+7,746,+5,746,ว 2์/๑
1.11.2011,+7,744,+5,744,ว 2์/๑
2.11.2011,+6,751,+6,752,ั 1์/๑
3.11.2011,+5,748,+4,746,ว 5์/๑
4.11.2011,+1,746,-2,749,ั 2์/๑
5.11.2011,-7,755,-9,757,ั 3์/๑
6.11.2011,-9,758,-11,759,ัย 3์/๑
7.11.2011,-5,758,-7,758,ัว 3์/๑
8.11.2011,-3,747,-4,741, 4์/๑
9.11.2011,-4,738,-3,740,ย 3์/๑
10.11.2011,0,750,0,753,ย 2์/๑
11.11.2011,-1,755,-2,755,ัย 2์/๑
12.11.2011,-2,757,-3,759,ั 1์/๑
13.11.2011,-3,760,-5,756,ัว 2์/๑
14.11.2011,-2,751,-3,749,ว 2์/๑
15.11.2011,-2,740,-3,740,ว 3์/๑
16.11.2011,-6,744,-5,744,ว 3์/๑
17.11.2011,-6,745,-6,741,ว 3์/๑
18.11.2011,-5,746,-5,749,ั 4์/๑
19.11.2011,-5,751,-5,746,ว 2์/๑
20.11.2011,0,737,-5,743,ัว 3์/๑
21.11.2011,-4,751,-7,752,ัว 4์/๑
22.11.2011,-7,748,-8,749,ว 3์/๑
23.11.2011,-12,758,-14,761,ัย 2์/๑
24.11.2011,-13,762,-13,761,ว 1์/๑
25.11.2011,-8,754,-7,752,ว 2์/๑
26.11.2011,-5,755,-7,753,ว 2์/๑
27.11.2011,-9,751,-8,752, 3์/๑
28.11.2011,-5,748,-5,746, 5์/๑
29.11.2011,-5,751,-4,744,ย 2์/๑
30.11.2011,-1,746,-1,746,ย 1์/๑
1.12.2011,-5,749,-6,752,ย 1์/๑
2.12.2011,-6,754,-5,756,ัย 2์/๑
3.12.2011,-4,757,-8,756,ว 2์/๑
4.12.2011,-6,754,-6,753,ว 3์/๑
5.12.2011,-1,750,0,752,ว 4์/๑
6.12.2011,0,753,-1,753,ว 4์/๑
7.12.2011,-7,755,-7,755,ย 3์/๑
8.12.2011,-10,757,-10,758,ย 2์/๑
9.12.2011,-7,758,-9,758,ย 2์/๑
10.12.2011,-12,758,-14,757,ย 2์/๑
11.12.2011,-14,755,-15,753,ย 1์/๑
12.12.2011,-9,747,-9,749,ย 2์/๑
13.12.2011,-5,757,-6,759,ั 2์/๑
14.12.2011,-11,763,-11,762,ย 1์/๑
15.12.2011,-8,762,-9,763,ว 2์/๑
16.12.2011,-9,763,-11,762,ย 1์/๑
17.12.2011,-13,763,-13,764,ย 3์/๑
18.12.2011,-12,767,-14,767,ย 3์/๑
19.12.2011,-11,768,-11,769, 4์/๑
20.12.2011,-8,766,-8,764,ย 3์/๑
21.12.2011,-7,759,-8,759,ย 4์/๑
22.12.2011,-10,755,-10,754, 2์/๑
23.12.2011,-9,752,-8,751,ย 2์/๑
24.12.2011,-5,750,-5,751,ว 1์/๑
25.12.2011,-8,752,-9,752,ุ
26.12.2011,-8,748,-6,743,ว 4์/๑
27.12.2011,0,736,+1,737,ว 2์/๑
28.12.2011,+1,729,-2,731,ัว 4์/๑
29.12.2011,-3,748,-4,750,ัว 4์/๑
30.12.2011,-3,753,-5,755,ว 2์/๑
31.12.2011,-8,752,-7,751,ย 2์/๑
1.1.2012,-5,753,-5,752,ย 2์/๑
2.1.2012,-6,751,-7,750,ย 2์/๑
3.1.2012,-6,752,-9,752,ย 1์/๑
4.1.2012,-11,749,-9,749, 2์/๑
5.1.2012,-4,749,-2,749, 2์/๑
6.1.2012,-1,754,-5,755, 3์/๑
7.1.2012,-8,756,-9,758,ย 2์/๑
8.1.2012,-10,759,-12,759,ย 3์/๑
9.1.2012,-11,758,-12,757,ย 4์/๑
10.1.2012,-11,753,-11,752,ย 2์/๑
11.1.2012,-10,750,-12,750,ว 1์/๑
12.1.2012,-10,749,-8,748, 2์/๑
13.1.2012,-4,747,-4,747, 2์/๑
14.1.2012,-3,749,-4,750,ย 2์/๑
15.1.2012,-3,754,-4,755,ย 2์/๑
16.1.2012,-6,754,-6,753,ย 3์/๑
17.1.2012,-4,754,-4,757,ย 4์/๑
18.1.2012,-7,758,-9,758,ย 4์/๑
19.1.2012,-11,762,-14,762,ย 2์/๑
20.1.2012,-13,764,-15,764,ย 2์/๑
21.1.2012,-14,769,-15,769,ย 2์/๑
22.1.2012,-12,769,-14,769,ย 2์/๑
23.1.2012,-9,767,-10,766,ย 2์/๑
24.1.2012,-6,763,-7,762,ย 2์/๑
25.1.2012,-6,764,-9,765,ย 2์/๑
26.1.2012,-8,770,-10,771,ย 3์/๑
27.1.2012,-9,769,-10,767,ัย 3์/๑
28.1.2012,-10,765,-14,766,ย 1์/๑
29.1.2012,-10,767,-15,766,ัว 1์/๑
30.1.2012,-16,766,-18,767,ัย 2์/๑
31.1.2012,-17,767,-19,768,ย 4์/๑
1.2.2012,-19,772,-21,773,ย 3์/๑
2.2.2012,-19,772,-21,772,ย 2์/๑
3.2.2012,-19,777,-24,779,ย 1์/๑
4.2.2012,-15,776,-20,774,ั 2์/๑
5.2.2012,-14,770,-16,770,ัย 2์/๑
7.2.2012,-13,769,-14,767,ย 2์/๑
8.2.2012,-13,760,-11,758,ย 5์/๑
9.2.2012,-12,756,-16,758,ย 3์/๑
10.2.2012,-17,762,-18,762,ย 2์/๑
11.2.2012,-14,763,-16,764,ย 2์/๑
12.2.2012,-17,766,-25,766,ุ
13.2.2012,-17,764,-18,764,ย 1์/๑
14.2.2012,-13,764,-14,763,ย 2์/๑
15.2.2012,-11,758,-14,757,ย 4์/๑
16.2.2012,-10,758,-13,759,ย 2์/๑
17.2.2012,-8,758,-12,758,ย 3์/๑
18.2.2012,-9,760,-12,761,ย 2์/๑
19.2.2012,-6,762,-11,763,ัว 2์/๑
20.2.2012,-6,765,-10,764,ัว 2์/๑
21.2.2012,-5,761,-10,760,ว 1์/๑
22.2.2012,-10,757,-13,757, 2์/๑
23.2.2012,-8,756,-13,755, 2์/๑
24.2.2012,-8,751,-11,749,ย 3์/๑
25.2.2012,-10,746,-10,746,ย 4์/๑
26.2.2012,-9,745,-10,745,ย 5์/๑
27.2.2012,-9,746,-8,747,ย 4์/๑
28.2.2012,-3,749,-3,749,ย 2์/๑
29.2.2012,-1,745,-2,745,ย 2์/๑
1.3.2012,-3,744,-3,743,ย 2์/๑
2.3.2012,-3,740,-6,739,ย 2์/๑
3.3.2012,-4,736,-6,737,ย 2์/๑
4.3.2012,-3,741,-6,743,ย 2์/๑
5.3.2012,-3,740,-5,740,ั 3์/๑
6.3.2012,-3,741,-6,743,ย 2์/๑
7.3.2012,-6,746,-9,746,ย 2์/๑
8.3.2012,-7,750,-7,750,ย 2์/๑
9.3.2012,-6,749,-13,751,ย 2์/๑
10.3.2012,-13,754,-15,755,ย 2์/๑
11.3.2012,-10,756,-15,758,ย 1์/๑
12.3.2012,-12,755,-16,753, 2์/๑
13.3.2012,-11,740,-10,737,ย 3์/๑
14.3.2012,-5,728,-2,722,ย 3์/๑
15.3.2012,-1,736,-5,739,ว 2์/๑
16.3.2012,-3,743,-8,745,ัว 2์/๑
17.3.2012,-6,743,-6,742,ว 3์/๑
18.3.2012,+1,742,+1,741,ว 4์/๑
19.3.2012,+6,747,-1,749,ัว 1์/๑
20.3.2012,0,743,0,743, 3์/๑
21.3.2012,+1,737,0,739,ว 5์/๑
22.3.2012,+3,742,-1,737,ัว 2์/๑
23.3.2012,0,742,-4,742,ว 3์/๑
24.3.2012,-2,740,-4,743,ั 2์/๑
25.3.2012,-1,747,-4,749,ัว 3์/๑
26.3.2012,-3,747,-3,737,ย 3์/๑
27.3.2012,0,732,-1,734,ว 3์/๑
28.3.2012,-3,738,-5,742,ว 3์/๑
29.3.2012,-2,746,-4,746,ว 3์/๑
30.3.2012,+2,741,+3,742,ว 5์/๑
31.3.2012,+3,739,+1,738,ย 3์/๑
1.4.2012,+3,736,+3,734, 2์/๑
2.4.2012,+4,742,+1,744,ว 3์/๑
3.4.2012,+2,745,+1,748,ว 3์/๑
4.4.2012,+4,755,0,756,ว 3์/๑
5.4.2012,+8,751,+7,749, 3์/๑
6.4.2012,+3,749,+1,749,ั 1์/๑
7.4.2012,+9,748,+7,746,ย 2์/๑
8.4.2012,+12,743,+13,743,ย 3์/๑
9.4.2012,+19,743,+15,742,ย 2์/๑
10.4.2012,+22,746,+18,745,ย 2์/๑
11.4.2012,+12,746,+8,749,ว 4์/๑
12.4.2012,+14,750,+12,749,ัย 2์/๑
13.4.2012,+21,740,+14,743, 4์/๑
14.4.2012,+17,749,+14,750,ว 3์/๑
15.4.2012,+20,752,+17,751,ัย 1์/๑
16.4.2012,+25,748,+20,747,ย 2์/๑
17.4.2012,+29,746,+23,745,ย 3์/๑
18.4.2012,+25,744,+21,743,ว 3์/๑
19.4.2012,+24,745,+19,746,ัย 2์/๑
20.4.2012,+25,747,+21,747,ย 3์/๑
21.4.2012,+28,747,+22,747,ย 3์/๑
22.4.2012,+17,746,+16,746,ย 1์/๑
23.4.2012,+25,747,+21,746,ย 1์/๑
24.4.2012,+22,747,+16,749,ว 3์/๑
25.4.2012,+23,752,+15,752,ัว 1์/๑
26.4.2012,+25,751,+19,752,ั 2์/๑
27.4.2012,+25,749,+19,749,ว 1์/๑
28.4.2012,+24,750,+19,749,ัว 2์/๑
29.4.2012,+22,748,+21,744,ว 3์/๑
30.4.2012,+6,743,+7,745,ั 2์/๑
1.5.2012,+11,745,+9,741,ั 2์/๑
2.5.2012,+14,740,+8,744,ั 3์/๑
3.5.2012,+13,740,+8,741,ว 2์/๑
4.5.2012,+18,741,+10,746,ว 3์/๑
5.5.2012,+16,751,+8,751,ว 1์/๑
6.5.2012,+21,751,+20,751, 3์/๑
7.5.2012,+27,752,+22,752,ว 2์/๑
8.5.2012,+27,753,+18,754,ว 2์/๑
9.5.2012,+29,757,+21,757,ว 2์/๑
10.5.2012,+30,758,+22,756,ว 3์/๑
11.5.2012,+26,755,+19,754,ั 2์/๑
12.5.2012,+21,748,+21,748,ุ
13.5.2012,+29,746,+20,746,ว 2์/๑
14.5.2012,+24,748,+17,749,ย 2์/๑
15.5.2012,+21,752,+16,754,ัย 3์/๑
16.5.2012,+22,754,+17,754,ย 2์/๑
17.5.2012,+21,753,+18,752,ว 1์/๑
18.5.2012,+25,754,+16,755,ย 2์/๑
19.5.2012,+27,758,+17,758,ว 2์/๑
20.5.2012,+27,758,+19,757,ว 1์/๑
21.5.2012,+27,755,+19,754,ั 1์/๑
22.5.2012,+27,752,+23,749,ว 1์/๑
23.5.2012,+26,746,+22,745, 1์/๑
24.5.2012,+12,749,+12,750,ั 4์/๑
25.5.2012,+15,749,+15,749,ย 3์/๑
26.5.2012,+21,743,+20,742,ย 2์/๑
27.5.2012,+25,741,+20,741,ว 2์/๑
28.5.2012,+18,743,+12,745,ว 3์/๑
29.5.2012,+25,746,+16,747,ว 2์/๑
30.5.2012,+27,749,+22,748,ว 2์/๑
31.5.2012,+23,746,+22,746,ย 1์/๑
1.6.2012,+26,746,+22,746,ว 2์/๑
2.6.2012,+25,746,+19,746,ว 2์/๑
3.6.2012,+20,743,+14,746,ว 5์/๑
4.6.2012,+12,746,+11,748,ว 2์/๑
5.6.2012,+21,749,+19,749,ว 2์/๑
6.6.2012,+22,747,+21,746,ุ
7.6.2012,+29,743,+26,741,ย 2์/๑
8.6.2012,+33,741,+21,742,ว 3์/๑
9.6.2012,+25,746,+18,746,ว 3์/๑
10.6.2012,+24,749,+20,747,ัว 3์/๑
11.6.2012,+20,746,+17,746,ว 1์/๑
12.6.2012,+27,748,+21,746,ว 2์/๑
13.6.2012,+34,743,+24,744,ว 3์/๑
14.6.2012,+33,746,+28,746,ว 3์/๑
15.6.2012,+31,749,+20,747,ัย 2์/๑
16.6.2012,+31,743,+27,740,ย 3์/๑
17.6.2012,+26,740,+21,742,ั 3์/๑
18.6.2012,+23,744,+20,744,ัว 3์/๑
19.6.2012,+23,743,+19,743,ั 3์/๑
20.6.2012,+21,743,+19,743,ัย 2์/๑
21.6.2012,+26,743,+21,743,ัย 2์/๑
22.6.2012,+19,742,+18,743,ุ
23.6.2012,+24,745,+19,747,ั 3์/๑
24.6.2012,+24,747,+18,748,ั 2์/๑
25.6.2012,+26,748,+22,748,ั 2์/๑
26.6.2012,+29,749,+25,747, 3์/๑
27.6.2012,+30,746,+25,746,ย 1์/๑
28.6.2012,+29,743,+25,741,ย 2์/๑
29.6.2012,+25,740,+19,742,ัว 2์/๑
30.6.2012,+26,746,+22,746,ว 2์/๑
1.7.2012,+24,749,+19,751,ั 3์/๑
2.7.2012,+19,749,+19,746,ัย 2์/๑
3.7.2012,+25,747,+22,747,ย 2์/๑
4.7.2012,+28,749,+21,749,ว 1์/๑
5.7.2012,+29,750,+22,749,ัว 2์/๑
6.7.2012,+27,749,+24,748,ัย 2์/๑
7.7.2012,+25,747,+20,746,ย 2์/๑
8.7.2012,+25,748,+21,748,ัย 2์/๑
9.7.2012,+27,749,+17,749,ั 2์/๑
10.7.2012,+30,750,+21,749,ว 2์/๑
11.7.2012,+32,750,+28,749,ย 1์/๑
12.7.2012,+34,748,+29,746,ัว 2์/๑
13.7.2012,+31,746,+27,745,ย 2์/๑
14.7.2012,+29,743,+25,743,ย 2์/๑
15.7.2012,+32,744,+24,745,ว 2์/๑
16.7.2012,+32,745,+23,744,ว 2์/๑
17.7.2012,+27,742,+25,739, 3์/๑
18.7.2012,+19,742,+16,745,ว 6์/๑
19.7.2012,+22,746,+21,745,ว 3์/๑
20.7.2012,+23,746,+22,746,ว 3์/๑
21.7.2012,+27,746,+19,748,ว 3์/๑
22.7.2012,+26,752,+18,754,ว 3์/๑
23.7.2012,+29,753,+22,752,ว 3์/๑
24.7.2012,+23,750,+19,750,ว 2์/๑
25.7.2012,+24,750,+20,751,ว 2์/๑
26.7.2012,+24,749,+21,749,ัว 1์/๑
27.7.2012,+28,748,+23,746,ว 2์/๑
28.7.2012,+25,748,+21,749,ัว 3์/๑
29.7.2012,+23,751,+18,752,ั 3์/๑
30.7.2012,+25,750,+17,750,ัย 3์/๑
31.7.2012,+26,749,+19,747,ัว 2์/๑
1.8.2012,+30,749,+22,749,ัว 1์/๑
2.8.2012,+32,750,+25,751,ว 3์/๑
3.8.2012,+31,750,+26,750,ั 2์/๑
4.8.2012,+32,749,+26,749,ัว 2์/๑
5.8.2012,+33,748,+22,748,ัว 2์/๑
6.8.2012,+32,748,+28,749,ั 1์/๑
7.8.2012,+31,750,+26,750,ัว 2์/๑
8.8.2012,+33,749,+23,748,ั 1์/๑
9.8.2012,+37,745,+23,748,ว 1์/๑
10.8.2012,+29,745,+20,745,ั 2์/๑
11.8.2012,+22,747,+21,748,ัว 2์/๑
12.8.2012,+27,750,+24,750,ัย 2์/๑
13.8.2012,+30,749,+25,749,ัย 2์/๑
14.8.2012,+28,750,+25,751,ย 2์/๑
15.8.2012,+28,748,+21,746,ย 3์/๑
16.8.2012,+26,744,+19,745,ว 2์/๑
17.8.2012,+21,746,+19,745,ย 1์/๑
18.8.2012,+26,740,+19,740,ว 3์/๑
19.8.2012,+23,745,+15,746,ัว 2์/๑
20.8.2012,+25,744,+20,742,ว 2์/๑
21.8.2012,+24,739,+19,739,ว 2์/๑
22.8.2012,+19,738,+15,739,ว 1์/๑
23.8.2012,+22,741,+17,742,ั 2์/๑
24.8.2012,+23,740,+17,742,ว 3์/๑
25.8.2012,+21,744,+15,745,ัว 3์/๑
26.8.2012,+20,744,+15,745,ว 1์/๑
27.8.2012,+22,748,+18,748,ัย 2์/๑
28.8.2012,+25,748,+20,749,ย 1์/๑
29.8.2012,+28,747,+23,745,ย 2์/๑
30.8.2012,+24,741,+17,740,ว 3์/๑
31.8.2012,+13,745,+12,747,ั 3์/๑
1.9.2012,+12,747,+10,748,ัว 2์/๑
2.9.2012,+12,753,+7,754,ั 2์/๑
3.9.2012,+16,751,+13,751,ว 2์/๑
4.9.2012,+18,749,+15,748,ัว 1์/๑
5.9.2012,+21,746,+16,747,ย 1์/๑
6.9.2012,+23,748,+15,748,ว 2์/๑
7.9.2012,+24,743,+20,742,ว 2์/๑
8.9.2012,+15,742,+9,744,ัว 2์/๑
9.9.2012,+18,743,+16,741,ว 3์/๑
10.9.2012,+11,743,+10,745,ว 4์/๑
11.9.2012,+12,747,+11,748,ว 3์/๑
12.9.2012,+14,747,+11,745,ว 2์/๑
13.9.2012,+20,747,+15,747,ัว 2์/๑
14.9.2012,+24,749,+13,749,ัว 2์/๑
15.9.2012,+26,748,+20,747,ว 3์/๑
16.9.2012,+27,743,+17,742,ว 3์/๑
17.9.2012,+17,749,+11,750,ั 3์/๑
18.9.2012,+18,752,+12,753,ัว 3์/๑
19.9.2012,+18,755,+15,756,ัย 1์/๑
20.9.2012,+19,756,+11,756,ย 2์/๑
21.9.2012,+22,756,+15,756,ย 1์/๑
22.9.2012,+22,755,+13,755, 2์/๑
23.9.2012,+23,751,+18,750,ย 2์/๑
24.9.2012,+12,743,+11,744,ว 2์/๑
25.9.2012,+14,741,+11,743,ว 5์/๑
26.9.2012,+13,748,+13,750,ว 2์/๑
27.9.2012,+15,753,+8,755,ั 3์/๑
28.9.2012,+14,757,+10,756,ว 2์/๑
29.9.2012,+14,751,+14,751, 2์/๑
30.9.2012,+18,752,+12,751,ุ
1.10.2012,+13,743,+10,745,ว 6์/๑
2.10.2012,+10,754,+8,755,ัว 4์/๑
3.10.2012,+12,755,+6,756,ั 2์/๑
4.10.2012,+9,756,+8,755, 1์/๑
5.10.2012,+13,754,+13,753, 1์/๑
6.10.2012,+9,749,+11,748, 3์/๑
7.10.2012,+17,749,+15,748,ว 2์/๑
8.10.2012,+21,748,+15,747, 3์/๑
9.10.2012,+23,744,+18,742,ย 2์/๑
10.10.2012,+12,746,+10,750,ว 3์/๑
11.10.2012,+15,754,+10,754,ว 1์/๑
12.10.2012,+13,750,+12,747,ย 2์/๑
13.10.2012,+10,742,+8,743,ว 2์/๑
14.10.2012,+7,750,+6,753,ัว 3์/๑
15.10.2012,+10,758,+4,759,ว 3์/๑
16.10.2012,+13,760,+10,760,ุ
17.10.2012,+10,758,+9,758,ย 2์/๑
18.10.2012,+15,759,+14,760,ว 2์/๑
19.10.2012,+17,761,+12,761,ว 3์/๑
20.10.2012,+17,756,+13,755,ว 4์/๑
21.10.2012,+13,754,+12,750,ว 2์/๑
22.10.2012,+11,747,+4,750,ว 2์/๑
23.10.2012,+1,756,+1,757,ั 2์/๑
24.10.2012,+3,752,+3,751,ย 1์/๑
25.10.2012,+3,748,+3,747,ว 2์/๑
26.10.2012,+4,739,+5,738, 2์/๑
28.10.2012,+6,753,+6,753,ย 2์/๑
29.10.2012,+14,747,+10,747, 4์/๑
30.10.2012,+2,753,+2,752,ย 2์/๑
31.10.2012,+14,750,+13,751,ย 3์/๑
1.11.2012,+6,756,+3,757,ว 1์/๑
2.11.2012,+1,758,+1,759,ั 1์/๑
3.11.2012,+4,757,0,756,ว 2์/๑
4.11.2012,+2,754,+3,754,ว 3์/๑
5.11.2012,+7,752,+5,752,ว 2์/๑
6.11.2012,+11,748,+10,746,ย 1์/๑
7.11.2012,+8,744,+5,745,ุ
8.11.2012,+6,743,+4,743,ว 3์/๑
9.11.2012,+3,748,+5,748,ว 2์/๑
10.11.2012,+2,749,-1,752,ัว 3์/๑
11.11.2012,0,760,-1,760,ั 3์/๑
12.11.2012,-1,761,-1,759,ว 2์/๑
13.11.2012,0,753,+1,752,ว 4์/๑
14.11.2012,+1,748,0,748,ัว 3์/๑
15.11.2012,0,748,-1,746,ว 1์/๑
16.11.2012,+4,737,+1,740,ว 5์/๑
17.11.2012,+1,750,0,754,ั 2์/๑
18.11.2012,0,758,0,759,ว 2์/๑
19.11.2012,+1,760,+1,761,ว 2์/๑
20.11.2012,+2,762,+2,762,ว 2์/๑
21.11.2012,+2,762,+2,763,ว 2์/๑
22.11.2012,+1,765,0,765,ว 1์/๑
23.11.2012,+1,764,0,763,ว 3์/๑
24.11.2012,-1,759,-1,759,ว 2์/๑
25.11.2012,-2,760,-3,759,ย 1์/๑
26.11.2012,-3,754,-3,752, 2์/๑
27.11.2012,-1,747,-1,746,ว 2์/๑
28.11.2012,-3,749,-3,750,ัว 1์/๑
29.11.2012,-4,752,-5,751,ุ
30.11.2012,-3,752,-2,750,ย 4์/๑
1.12.2012,+4,749,+5,750,ว 1์/๑
2.12.2012,+4,749,+6,745,ย 2์/๑
3.12.2012,+2,749,0,750,ัว 2์/๑
4.12.2012,+2,742,+5,739,ย 4์/๑
5.12.2012,+3,744,+1,747,ั 1์/๑
6.12.2012,-1,751,-3,751,ัย 2์/๑
7.12.2012,+1,749,0,749,ย 3์/๑
8.12.2012,0,754,0,756,ย 2์/๑
9.12.2012,-2,761,-3,762,ย 2์/๑
10.12.2012,-6,765,-9,766,ย 2์/๑
11.12.2012,-12,766,-13,767,ย 2์/๑
12.12.2012,-11,769,-11,769,ย 2์/๑
13.12.2012,-12,774,-14,774,ย 4์/๑
14.12.2012,-12,775,-13,775,ัย 1์/๑
15.12.2012,-12,777,-15,775,ั 1์/๑
16.12.2012,-10,768,-15,768,ัย 2์/๑
17.12.2012,-14,770,-16,771,ย 2์/๑
18.12.2012,-15,774,-17,775,ย 2์/๑
19.12.2012,-15,776,-16,775,ย 1์/๑
20.12.2012,-15,772,-15,770,ย 3์/๑
21.12.2012,-11,763,-14,761,ัย 2์/๑
22.12.2012,-15,757,-18,757,ั 1์/๑
23.12.2012,-22,756,-23,756,ัว 3์/๑
24.12.2012,-18,760,-18,761,ัว 2์/๑
25.12.2012,-13,763,-14,763,ุ
26.12.2012,-9,756,-7,752,ว 3์/๑
27.12.2012,-5,752,-5,749,ว 3์/๑
28.12.2012,+2,749,+1,751,ว 2์/๑
29.12.2012,-3,749,-2,748, 2์/๑
30.12.2012,-9,746,-9,746,ว 1์/๑
31.12.2012,-8,748,-8,748,ัว 1์/๑
1.1.2013,-8,750,-10,752,ว 1์/๑
2.1.2013,-10,756,-12,755,ว 1์/๑
3.1.2013,-8,751,-5,749,ย 2์/๑
4.1.2013,-1,744,-1,745,ว 3์/๑
5.1.2013,-1,746,-3,746,ว 2์/๑
6.1.2013,-5,748,-4,748,ย 2์/๑
7.1.2013,-5,752,-6,753,ย 2์/๑
8.1.2013,-8,752,-9,751,ย 2์/๑
9.1.2013,-7,745,-10,745,ั 3์/๑
10.1.2013,-10,747,-13,747,ั 1์/๑
11.1.2013,-13,750,-17,751,ุ
12.1.2013,-16,753,-18,753,ว 2์/๑
13.1.2013,-12,746,-12,745,ว 2์/๑
14.1.2013,-10,746,-11,747,ว 3์/๑
15.1.2013,-5,749,-8,751,ว 2์/๑
16.1.2013,-7,753,-9,753,ว 2์/๑
17.1.2013,-10,753,-10,754,ย 3์/๑
18.1.2013,-7,751,-7,749,ย 3์/๑
19.1.2013,-5,746,-4,746, 2์/๑
20.1.2013,+1,743,+1,743, 1์/๑
21.1.2013,-3,742,-3,739, 1์/๑
22.1.2013,-9,738,-14,741,ว 3์/๑
23.1.2013,-13,745,-15,745,ว 2์/๑
24.1.2013,-11,743,-11,741,ัย 2์/๑
25.1.2013,-11,743,-15,746,ว 3์/๑
26.1.2013,-12,756,-19,758,ว 1์/๑
27.1.2013,-15,760,-19,760,ว 2์/๑
28.1.2013,-14,761,-18,762,ย 1์/๑
29.1.2013,-15,759,-18,759,ย 2์/๑
30.1.2013,-13,757,-11,756,ย 3์/๑
31.1.2013,-4,749,-5,747,ย 4์/๑
1.2.2013,-5,743,-12,743,ัว 1์/๑
2.2.2013,-8,747,-8,750,ย 1์/๑
3.2.2013,-3,754,-2,755,ย 1์/๑
4.2.2013,-1,749,-2,745,ย 3์/๑
5.2.2013,0,745,-1,747,ว 3์/๑
6.2.2013,-1,754,-5,756,ว 2์/๑
7.2.2013,-4,761,-7,761,ย 2์/๑
8.2.2013,-5,763,-7,764,ย 2์/๑
9.2.2013,-5,766,-9,766,ย 2์/๑
10.2.2013,-6,764,-7,764,ย 2์/๑
11.2.2013,-6,762,-8,762,ย 3์/๑
12.2.2013,-4,761,-7,762,ย 2์/๑
13.2.2013,-4,763,-8,763,ย 1์/๑
14.2.2013,-6,765,-9,764,ย 2์/๑
15.2.2013,-5,762,-8,761,ย 3์/๑
16.2.2013,-6,757,-6,755,ย 4์/๑
17.2.2013,-1,753,-3,753,ย 3์/๑
18.2.2013,-5,750,-9,749,ย 2์/๑
19.2.2013,-6,750,-9,751,ย 2์/๑
20.2.2013,-9,753,-13,754,ว 2์/๑
21.2.2013,-8,755,-10,755,ว 2์/๑
22.2.2013,-8,753,-12,753,ว 2์/๑
23.2.2013,-7,758,-12,760,ัว 2์/๑
24.2.2013,-4,758,-7,760,ว 3์/๑
25.2.2013,-3,759,-6,759,ว 3์/๑
26.2.2013,-2,758,-5,755,ว 2์/๑
27.2.2013,-5,741,-9,744,ว 3์/๑
28.2.2013,-9,743,-8,738,ว 6์/๑
1.4.2013,+3,756,+4,756, 2์/๑
2.4.2013,+11,755,+7,754, 2์/๑
3.4.2013,+12,754,+10,753,ย 2์/๑
4.4.2013,+13,753,+6,754,ย 3์/๑
5.4.2013,+11,751,+11,751,ย 3์/๑
6.4.2013,+18,744,+12,743,ว 3์/๑
7.4.2013,+13,740,+9,739, 1์/๑
8.4.2013,+5,744,+3,745,ว 2์/๑
9.4.2013,+2,745,+1,747,ั 2์/๑
10.4.2013,+8,751,+5,749,ัย 4์/๑
11.4.2013,+2,749,+1,751,ัว 3์/๑
12.4.2013,+2,753,0,752,ั 1์/๑
13.4.2013,+1,753,0,754,ัว 3์/๑
14.4.2013,+2,755,+2,757,ั 2์/๑
15.4.2013,+9,759,+5,761,ั 2์/๑
16.4.2013,+13,759,+11,757,ว 2์/๑
17.4.2013,+17,753,+12,754,ัว 4์/๑
18.4.2013,+18,753,+16,752,ว 3์/๑
19.4.2013,+21,750,+13,750,ว 2์/๑
20.4.2013,+23,748,+12,747,ว 3์/๑
21.4.2013,+24,743,+19,743,ว 2์/๑
22.4.2013,+17,743,+12,744,ั 2์/๑
23.4.2013,+17,744,+10,745,ั 3์/๑
24.4.2013,+15,744,+12,743,ั 2์/๑
25.4.2013,+12,742,+9,742, 2์/๑
26.4.2013,+8,737,+8,739,ั 2์/๑
27.4.2013,+13,743,+12,741,ว 4์/๑
28.4.2013,+15,742,+13,743,ัว 2์/๑
29.4.2013,+11,747,+9,752,ัว 4์/๑
30.4.2013,+15,756,+13,754,ว 2์/๑
1.5.2013,+18,752,+15,751,ัว 2์/๑
2.5.2013,+18,754,+9,756,ั 2์/๑
3.5.2013,+20,755,+16,753,ว 3์/๑
4.5.2013,+18,753,+15,753,ัย 2์/๑
5.5.2013,+25,749,+23,747,ว 2์/๑
6.5.2013,+19,743,+11,746,ว 2์/๑
7.5.2013,+13,750,+10,752,ั 4์/๑
8.5.2013,+18,752,+10,751,ั 2์/๑
9.5.2013,+22,751,+13,752,ัว 2์/๑
10.5.2013,+23,750,+21,748,ว 4์/๑
11.5.2013,+26,745,+16,748,ว 4์/๑
12.5.2013,+23,747,+21,746,ย 2์/๑
13.5.2013,+27,747,+22,748,ัว 1์/๑
14.5.2013,+28,748,+18,748,ย 1์/๑
15.5.2013,+27,749,+18,750,ัว 3์/๑
16.5.2013,+31,750,+23,750,ว 2์/๑
17.5.2013,+27,750,+20,750,ัว 3์/๑
18.5.2013,+21,749,+15,749,ัว 3์/๑
19.5.2013,+16,751,+12,752,ัย 3์/๑
20.5.2013,+20,749,+16,746,ว 3์/๑
21.5.2013,+16,745,+11,747,ั 3์/๑
22.5.2013,+15,751,+13,751,ัว 2์/๑
23.5.2013,+15,753,+14,754,ย 2์/๑
24.5.2013,+23,754,+20,753,ย 3์/๑
25.5.2013,+28,751,+23,751, 2์/๑
26.5.2013,+29,749,+25,748, 2์/๑
27.5.2013,+28,748,+24,748,ัว 1์/๑
28.5.2013,+29,747,+26,748,ัย 2์/๑
29.5.2013,+24,750,+19,749,ว 2์/๑
30.5.2013,+27,746,+18,746,ย 3์/๑
31.5.2013,+21,745,+18,745,ย 2์/๑
1.6.2013,+19,746,+18,745,ย 1์/๑
2.6.2013,+24,745,+18,746,ย 2์/๑
3.6.2013,+26,745,+20,745,ัย 2์/๑
4.6.2013,+27,745,+15,745,ัว 2์/๑
5.6.2013,+20,744,+15,746,ว 3์/๑
6.6.2013,+19,746,+13,747,ว 3์/๑
7.6.2013,+21,748,+16,749,ัย 2์/๑
8.6.2013,+24,748,+14,747,ว 2์/๑
9.6.2013,+21,746,+16,746,ั 1์/๑
10.6.2013,+25,748,+15,748,ว 2์/๑
11.6.2013,+29,749,+19,748,ว 2์/๑
12.6.2013,+31,748,+21,747,ว 3์/๑
13.6.2013,+21,749,+18,750,ัว 1์/๑
14.6.2013,+22,754,+18,755,ัย 2์/๑
15.6.2013,+24,755,+14,754,ั 1์/๑
16.6.2013,+30,752,+21,751,ว 1์/๑
17.6.2013,+33,749,+27,747, 2์/๑
18.6.2013,+32,745,+27,744, 2์/๑
19.6.2013,+26,743,+22,742,ั 2์/๑
20.6.2013,+29,741,+24,742,ว 3์/๑
21.6.2013,+23,743,+19,745, 3์/๑
22.6.2013,+19,748,+16,747,ย 2์/๑
23.6.2013,+25,744,+20,744,ัว 2์/๑
24.6.2013,+29,743,+26,744,ัย 4์/๑
25.6.2013,+30,746,+26,747,ัย 2์/๑
26.6.2013,+32,748,+25,749,ย 2์/๑
27.6.2013,+31,748,+22,748,ั 2์/๑
28.6.2013,+23,748,+24,747,ย 2์/๑
29.6.2013,+33,744,+24,744,ัว 3์/๑
30.6.2013,+27,744,+22,744,ัย 3์/๑
1.7.2013,+27,747,+22,747,ย 1์/๑
2.7.2013,+27,747,+23,747,ัย 2์/๑
3.7.2013,+27,747,+22,748,ั 2์/๑
4.7.2013,+26,750,+22,751,ย 2์/๑
5.7.2013,+29,750,+24,750,ัย 1์/๑
6.7.2013,+33,750,+22,750,ว 2์/๑
7.7.2013,+32,750,+28,750,ัย 2์/๑
8.7.2013,+25,748,+25,746, 1์/๑
9.7.2013,+26,741,+22,741,ว 2์/๑
10.7.2013,+23,738,+19,738,ว 2์/๑
11.7.2013,+24,738,+19,740, 1์/๑
12.7.2013,+26,741,+23,742,ัว 1์/๑
13.7.2013,+28,743,+22,744,ัว 3์/๑
14.7.2013,+24,747,+19,748,ัว 3์/๑
15.7.2013,+26,749,+16,749,ว 2์/๑
16.7.2013,+29,746,+24,745,ว 3์/๑
17.7.2013,+27,741,+19,742,ย 1์/๑
18.7.2013,+24,744,+20,745,ัว 4์/๑
19.7.2013,+25,745,+20,745,ั 1์/๑
20.7.2013,+28,744,+18,745,ัย 1์/๑
21.7.2013,+30,741,+20,740,ัว 1์/๑
22.7.2013,+23,739,+15,741,ว 2์/๑
23.7.2013,+25,744,+22,744,ว 2์/๑
24.7.2013,+24,742,+18,742,ย 2์/๑
25.7.2013,+20,740,+17,740,ว 2์/๑
26.7.2013,+20,738,+19,737, 2์/๑
27.7.2013,+19,737,+15,739,ัย 2์/๑
28.7.2013,+26,741,+17,742,ว 3์/๑
29.7.2013,+25,742,+18,743,ย 1์/๑
30.7.2013,+27,741,+22,741,ย 2์/๑
31.7.2013,+24,737,+20,736,ว 2์/๑
1.8.2013,+19,733,+18,733,ว 1์/๑
2.8.2013,+21,735,+20,737,ัว 2์/๑
3.8.2013,+23,740,+19,741,ว 2์/๑
4.8.2013,+26,742,+18,742,ว 2์/๑
5.8.2013,+21,743,+23,743,ัย 1์/๑
6.8.2013,+28,742,+21,743,ั 2์/๑
7.8.2013,+18,744,+16,745,ั 2์/๑
8.8.2013,+20,744,+18,745,ั 2์/๑
9.8.2013,+23,745,+20,746,ั 2์/๑
10.8.2013,+26,745,+18,746,ัย 2์/๑
11.8.2013,+29,748,+19,748,ว 1์/๑
12.8.2013,+30,750,+19,750,ว 3์/๑
13.8.2013,+31,750,+22,751,ว 1์/๑
14.8.2013,+33,751,+22,752,ว 3์/๑
15.8.2013,+34,752,+26,752,ุ
16.8.2013,+32,751,+23,751, 3์/๑
17.8.2013,+29,750,+22,751,ั 1์/๑
18.8.2013,+22,750,+19,751,ั 3์/๑
19.8.2013,+20,750,+18,750,ย 1์/๑
20.8.2013,+24,750,+20,751,ั 2์/๑
21.8.2013,+25,751,+21,751,ัย 2์/๑
22.8.2013,+27,750,+21,751,ั 1์/๑
23.8.2013,+28,750,+17,750,ัว 2์/๑
24.8.2013,+29,748,+19,748,ว 2์/๑
25.8.2013,+27,747,+19,747, 1์/๑
26.8.2013,+21,744,+12,746,ั 2์/๑
27.8.2013,+17,750,+12,752,ั 3์/๑
28.8.2013,+17,754,+10,754,ั 2์/๑
29.8.2013,+22,753,+15,753,ว 2์/๑
30.8.2013,+23,752,+19,752,ว 2์/๑
31.8.2013,+28,749,+22,747, 2์/๑
1.9.2013,+20,745,+15,744,ย 2์/๑
2.9.2013,+18,743,+16,745,ว 3์/๑
3.9.2013,+21,745,+18,746,ว 3์/๑
4.9.2013,+22,746,+18,745,ัย 1์/๑
5.9.2013,+24,744,+19,743,ย 2์/๑
6.9.2013,+20,744,+16,748, 2์/๑
7.9.2013,+18,752,+14,752,ย 1์/๑
8.9.2013,+20,750,+16,749,ย 1์/๑
9.9.2013,+20,748,+14,747,ว 2์/๑
10.9.2013,+14,742,+13,743,ย 1์/๑
11.9.2013,+15,748,+13,750,ัย 2์/๑
12.9.2013,+18,752,+15,753,ั 1์/๑
13.9.2013,+18,753,+12,754,ัว 1์/๑
14.9.2013,+19,754,+11,754,ย 1์/๑
15.9.2013,+20,753,+16,752, 1์/๑
16.9.2013,+20,750,+17,749,ย 1์/๑
17.9.2013,+15,749,+13,749,ย 2์/๑
18.9.2013,+13,750,+12,750,ย 3์/๑
19.9.2013,+14,751,+11,751,ย 3์/๑
20.9.2013,+14,750,+14,750,ย 2์/๑
21.9.2013,+11,747,+10,746,ย 3์/๑
22.9.2013,+16,745,+13,743, 1์/๑
23.9.2013,+14,737,+12,737, 2์/๑
24.9.2013,+12,733,+10,733, 2์/๑
25.9.2013,+11,733,+9,734,ว 2์/๑
26.9.2013,+9,740,+6,742,ว 3์/๑
27.9.2013,+8,744,+5,740, 1์/๑
28.9.2013,+4,737,+5,743,ว 5์/๑
29.9.2013,+9,744,+6,743,ว 3์/๑
30.9.2013,+8,744,+5,745,ว 2์/๑
1.10.2013,+4,747,+2,749,ว 3์/๑
2.10.2013,+5,753,-1,754,ัย 1์/๑
3.10.2013,+2,753,+1,754,ัย 2์/๑
4.10.2013,+2,755,+2,754,ัย 3์/๑
5.10.2013,+3,750,+1,749,ัย 2์/๑
6.10.2013,+2,751,+2,752,ว 2์/๑
7.10.2013,+12,751,+8,750,ว 4์/๑
8.10.2013,+9,749,+9,750,ว 2์/๑
9.10.2013,+13,754,+11,755,ว 2์/๑
10.10.2013,+12,756,+11,758,ว 3์/๑
11.10.2013,+12,759,+10,758,ว 1์/๑
12.10.2013,+12,751,+10,752,ว 3์/๑
13.10.2013,+9,750,+6,746,ว 2์/๑
14.10.2013,+4,748,+3,750,ัว 2์/๑
15.10.2013,+6,751,+6,750,ว 3์/๑
16.10.2013,+10,748,+9,748,ว 2์/๑
17.10.2013,+11,744,+11,746,ว 2์/๑
18.10.2013,+6,752,+7,751,ัย 1์/๑
19.10.2013,+14,742,+12,742,ย 1์/๑
20.10.2013,+8,749,+3,751,ัว 3์/๑
21.10.2013,+6,749,+3,749,ว 2์/๑
22.10.2013,+4,753,0,755,ัย 2์/๑
23.10.2013,+4,762,-1,763,ั 2์/๑
24.10.2013,+4,758,+2,756,ว 3์/๑
25.10.2013,+6,750,+5,750,ว 3์/๑
26.10.2013,+10,749,+9,750,ว 4์/๑
27.10.2013,+8,745,+7,745,ว 3์/๑
28.10.2013,+11,747,+10,748,ว 2์/๑
29.10.2013,+10,748,+10,748, 2์/๑
30.10.2013,+12,749,+10,750,ว 2์/๑
31.10.2013,+9,743,+6,746,ั 3์/๑
1.11.2013,+5,753,+2,755,ว 3์/๑
2.11.2013,+6,754,+6,752,ว 1์/๑
3.11.2013,+8,751,+8,750,ว 2์/๑
4.11.2013,+9,750,+8,749, 2์/๑
5.11.2013,+10,751,+9,752,ว 1์/๑
6.11.2013,+12,753,+9,755,ว 2์/๑
7.11.2013,+12,753,+9,752,ย 2์/๑
8.11.2013,+10,749,+7,749,ย 2์/๑
9.11.2013,+8,755,+2,757,ว 2์/๑
10.11.2013,+8,759,+8,760, 2์/๑
11.11.2013,+8,760,+5,759, 2์/๑
12.11.2013,+5,757,+5,757,ว 2์/๑
13.11.2013,+6,756,+5,754,ย 2์/๑
14.11.2013,+7,747,+5,745,ย 2์/๑
15.11.2013,+3,743,+2,745,ั 1์/๑
16.11.2013,+1,747,0,746,ว 2์/๑
17.11.2013,+2,742,+3,739,ว 4์/๑
18.11.2013,+3,742,+2,748,ัว 5์/๑
19.11.2013,+2,764,+1,765,ัว 1์/๑
20.11.2013,+2,766,0,765,ว 3์/๑
21.11.2013,+2,763,+1,763,ย 1์/๑
22.11.2013,+2,764,0,764,ย 2์/๑
23.11.2013,+1,760,-1,759,ย 2์/๑
24.11.2013,+1,756,-1,755,ย 1์/๑
25.11.2013,0,753,-2,752,ย 2์/๑
26.11.2013,+2,749,+2,748, 3์/๑
27.11.2013,+1,745,+1,744,ว 2์/๑
28.11.2013,-2,737,-2,735,ว 3์/๑
29.11.2013,+1,735,+1,738,ว 3์/๑
30.11.2013,+1,743,-3,747,ว 2์/๑
1.12.2013,-4,747,-2,744,ว 1์/๑
2.12.2013,0,733,+1,734,ว 3์/๑
3.12.2013,-5,743,-9,747,ั 3์/๑
4.12.2013,-8,744,-5,742,ว 2์/๑
5.12.2013,-2,738,-2,737, 4์/๑
6.12.2013,0,738,-3,743,ว 3์/๑
7.12.2013,-1,742,-1,744, 3์/๑
8.12.2013,-2,743,-3,742,ย 1์/๑
9.12.2013,-5,741,-5,741,ว 2์/๑
10.12.2013,-7,745,-7,748,ว 1์/๑
11.12.2013,-8,755,-8,757,ัย 1์/๑
12.12.2013,-10,756,-9,755,ว 2์/๑
13.12.2013,-7,744,-9,739,ว 4์/๑
14.12.2013,-5,731,-5,732,ว 3์/๑
15.12.2013,-9,741,-10,743,ัว 4์/๑
16.12.2013,-13,751,-11,753,ัว 3์/๑
17.12.2013,-9,753,-7,750, 1์/๑
18.12.2013,0,741,+1,744,ว 2์/๑
19.12.2013,0,748,-4,752,ัว 2์/๑
20.12.2013,-9,759,-8,760,ว 1์/๑
21.12.2013,-3,756,-3,753,ว 3์/๑
22.12.2013,-2,747,-2,749,ว 1์/๑
23.12.2013,0,750,0,749,ว 2์/๑
24.12.2013,0,746,+1,748,ว 3์/๑
25.12.2013,+2,756,-1,757,ว 2์/๑
26.12.2013,-2,759,-3,759,ว 2์/๑
27.12.2013,-6,761,-9,762,ว 1์/๑
28.12.2013,-8,763,-7,763,ว 1์/๑
29.12.2013,-5,762,-8,761, 1์/๑
30.12.2013,-4,757,-3,756,ว 1์/๑
31.12.2013,-2,753,-1,754,ว 1์/๑
1.1.2014,0,759,-1,759,ว 1์/๑
2.1.2014,-1,758,-2,759,ว 1์/๑
3.1.2014,-3,762,-3,763,ั 1์/๑
4.1.2014,-8,765,-8,764,ย 3์/๑
5.1.2014,-10,763,-11,762,ย 1์/๑
6.1.2014,-12,759,-10,758, 2์/๑
7.1.2014,-6,755,-6,756, 1์/๑
8.1.2014,-3,751,+1,749, 2์/๑
9.1.2014,0,745,0,743,ว 2์/๑
10.1.2014,0,742,0,743,ว 1์/๑
11.1.2014,+1,735,+1,735, 3์/๑
12.1.2014,0,739,-1,741,ว 2์/๑
13.1.2014,+1,736,+1,737, 3์/๑
14.1.2014,0,740,-4,742,ว 2์/๑
15.1.2014,-9,750,-11,752,ว 3์/๑
16.1.2014,-10,753,-8,747,ย 2์/๑
17.1.2014,-4,740,-10,742,ว 4์/๑
18.1.2014,-11,747,-15,747,ว 3์/๑
19.1.2014,-18,747,-22,749,ั 2์/๑
20.1.2014,-19,755,-16,756,ัว 3์/๑
21.1.2014,-12,759,-12,759,ว 2์/๑
22.1.2014,-13,758,-19,758,ย 1์/๑
23.1.2014,-15,752,-13,751,ย 3์/๑
24.1.2014,-10,750,-10,750,ย 4์/๑
25.1.2014,-12,752,-15,754,ย 3์/๑
26.1.2014,-17,754,-21,755,ัว 2์/๑
27.1.2014,-17,756,-21,756,ว 2์/๑
28.1.2014,-22,759,-26,760,ั 2์/๑
29.1.2014,-27,766,-29,768,ั 2์/๑
30.1.2014,-23,773,-25,773,ัว 2์/๑
31.1.2014,-17,774,-23,774,ว 1์/๑
1.2.2014,-20,775,-26,776,ย 2์/๑
2.2.2014,-19,775,-22,773,ว 1์/๑
3.2.2014,-16,761,-15,758,ว 3์/๑
4.2.2014,-12,747,-12,745, 1์/๑
5.2.2014,-16,750,-19,752,ั 2์/๑
6.2.2014,-15,754,-21,755,ั 1์/๑
7.2.2014,-19,758,-24,759,ย 2์/๑
8.2.2014,-15,759,-16,759,ย 2์/๑
9.2.2014,-13,761,-14,761,ย 2์/๑
10.2.2014,-15,761,-18,760,ย 2์/๑
11.2.2014,-13,760,-13,759,ย 2์/๑
12.2.2014,-9,754,-8,753, 2์/๑
13.2.2014,-1,753,-1,753, 1์/๑
14.2.2014,+1,754,-1,755, 2์/๑
15.2.2014,-3,754,-6,754,ย 2์/๑
16.2.2014,-4,753,-5,752,ย 1์/๑
17.2.2014,-5,748,-7,747, 2์/๑
18.2.2014,-3,739,-2,738, 1์/๑
19.2.2014,+1,737,0,739,ว 3์/๑
20.2.2014,0,741,-2,741,ว 1์/๑
21.2.2014,-3,746,-13,751,ั 2์/๑
22.2.2014,-16,762,-19,765,ัย 2์/๑
23.2.2014,-17,769,-20,769, 2์/๑
24.2.2014,-15,769,-18,769,ว 2์/๑
25.2.2014,-9,769,-13,769,ว 2์/๑
26.2.2014,-4,766,-9,765,ว 2์/๑
27.2.2014,+1,762,-11,761,ว 1์/๑
28.2.2014,-7,759,-7,759,ย 2์/๑
1.3.2014,-3,759,-6,759,ย 2์/๑
2.3.2014,-4,759,-8,758,ย 2์/๑
3.3.2014,-6,757,-8,757,ย 2์/๑
4.3.2014,-5,756,-8,755,ย 2์/๑
5.3.2014,-4,755,-8,755,ว 1์/๑
6.3.2014,+1,757,-4,758,ัว 2์/๑
7.3.2014,+1,764,-6,764,ัว 3์/๑
8.3.2014,-1,762,-4,761,ว 3์/๑
9.3.2014,-2,760,-4,760,ว 2์/๑
10.3.2014,+1,758,-3,756,ว 3์/๑
11.3.2014,+4,749,-2,747,ว 3์/๑
12.3.2014,+2,745,+1,743,ัย 2์/๑
13.3.2014,+3,737,+2,738,ัว 3์/๑
14.3.2014,+4,741,+2,738,ว 2์/๑
15.3.2014,+5,741,+2,741,ว 3์/๑
16.3.2014,+5,735,+5,733, 4์/๑
17.3.2014,+2,734,0,733,ย 1์/๑
18.3.2014,0,725,-1,726,ว 3์/๑
19.3.2014,+2,737,-3,740,ว 5์/๑
20.3.2014,+1,740,-2,743,ั 1์/๑
21.3.2014,+1,753,-6,754,ั 2์/๑
22.3.2014,+5,748,+4,747,ว 4์/๑
23.3.2014,+9,751,+4,753,ว 2์/๑
24.3.2014,+11,755,+5,756,ว 2์/๑
25.3.2014,+9,755,+7,755, 3์/๑
26.3.2014,+13,752,+3,754,ว 2์/๑
27.3.2014,+4,756,+1,753,ัย 2์/๑
28.3.2014,+7,740,-1,739,ว 3์/๑
29.3.2014,+2,740,-1,741,ัย 3์/๑
30.3.2014,+3,738,0,735,ัย 4์/๑
31.3.2014,+2,734,-3,738,ว 3์/๑
1.4.2014,0,737,+1,736,ย 3์/๑
2.4.2014,-1,738,-4,741,ว 3์/๑
3.4.2014,+2,747,-2,748,ว 2์/๑
4.4.2014,+4,746,+2,746,ว 4์/๑
5.4.2014,+1,740,0,740,ย 2์/๑
6.4.2014,+5,745,+2,745,ว 4์/๑
7.4.2014,+11,742,+4,744,ว 4์/๑
8.4.2014,+4,742,+4,742,ัว 1์/๑
9.4.2014,+3,744,0,746,ั 2์/๑
10.4.2014,+1,753,-1,756,ั 2์/๑
11.4.2014,+3,762,-1,763,ั 2์/๑
12.4.2014,+7,763,+3,762,ว 3์/๑
13.4.2014,+10,760,+7,758, 3์/๑
14.4.2014,+11,757,+8,756, 2์/๑
15.4.2014,+9,756,+8,756,ว 2์/๑
16.4.2014,+16,756,+11,756,ว 2์/๑
17.4.2014,+15,753,+11,753,ว 2์/๑
18.4.2014,+12,756,+8,756,ั 1์/๑
19.4.2014,+15,757,+11,757,ัว 2์/๑
20.4.2014,+18,755,+11,754,ว 1์/๑
21.4.2014,+19,755,+11,758,ั 2์/๑
22.4.2014,+15,759,+11,758, 2์/๑
23.4.2014,+20,748,+16,744,ว 3์/๑
24.4.2014,+5,744,+1,746,ัว 3์/๑
25.4.2014,+6,743,+3,743,ว 4์/๑
26.4.2014,+6,748,+2,751,ัว 3์/๑
27.4.2014,+12,753,+10,753,ว 3์/๑
28.4.2014,+18,753,+13,753,ว 3์/๑
29.4.2014,+19,749,+14,749, 2์/๑
30.4.2014,+20,742,+13,740,ย 2์/๑
1.5.2014,+12,743,+11,744,ว 2์/๑
2.5.2014,+18,746,+13,744,ว 2์/๑
3.5.2014,+15,742,+12,744,ว 2์/๑
4.5.2014,+13,753,+10,754,ั 1์/๑
5.5.2014,+20,748,+18,746,ย 2์/๑
6.5.2014,+17,745,+12,746,ว 2์/๑
7.5.2014,+13,753,+8,756,ว 3์/๑
8.5.2014,+15,761,+9,761,ว 1์/๑
9.5.2014,+20,759,+17,757,ย 1์/๑
10.5.2014,+22,754,+18,753,ย 2์/๑
11.5.2014,+28,750,+24,750, 3์/๑
12.5.2014,+28,752,+24,752,ัว 1์/๑
13.5.2014,+29,751,+23,751, 2์/๑
14.5.2014,+30,751,+24,751,ว 3์/๑
15.5.2014,+32,751,+24,752,ว 2์/๑
16.5.2014,+32,753,+23,754,ัว 2์/๑
17.5.2014,+23,754,+21,754,ย 2์/๑
18.5.2014,+24,756,+18,756,ัย 2์/๑
19.5.2014,+23,757,+14,757,ว 2์/๑
20.5.2014,+27,756,+21,757,ัย 2์/๑
21.5.2014,+26,758,+17,757,ว 2์/๑
22.5.2014,+29,756,+18,755,ว 2์/๑
23.5.2014,+30,752,+19,752,ว 2์/๑
24.5.2014,+28,754,+20,753,ัย 2์/๑
25.5.2014,+30,751,+19,750,ว 2์/๑
26.5.2014,+30,746,+19,745,ว 2์/๑
27.5.2014,+29,742,+19,742,ัย 2์/๑
28.5.2014,+20,744,+15,746,ัย 3์/๑
29.5.2014,+21,751,+17,753,ัย 2์/๑
30.5.2014,+22,755,+14,756,ย 1์/๑
31.5.2014,+24,756,+15,756,ว 2์/๑
1.6.2014,+26,757,+21,756,ย 1์/๑
2.6.2014,+29,758,+19,758,ัว 3์/๑
3.6.2014,+30,758,+19,757,ัว 2์/๑
4.6.2014,+31,757,+22,756,ัว 2์/๑
5.6.2014,+31,754,+21,752,ัว 1์/๑
6.6.2014,+30,749,+23,749,ัว 2์/๑
7.6.2014,+26,750,+21,751,ัย 2์/๑
8.6.2014,+26,751,+21,750,ว 2์/๑
9.6.2014,+30,746,+23,744,ว 3์/๑
10.6.2014,+23,740,+16,740,ว 3์/๑
11.6.2014,+20,739,+18,738,ย 1์/๑
12.6.2014,+21,737,+16,737,ว 1์/๑
13.6.2014,+22,735,+16,734,ั 1์/๑
14.6.2014,+17,735,+13,737,ว 4์/๑
15.6.2014,+14,736,+15,737,ว 2์/๑
16.6.2014,+19,743,+14,745,ว 2์/๑
17.6.2014,+20,748,+18,747,ว 3์/๑
18.6.2014,+19,745,+15,743,ว 2์/๑
19.6.2014,+16,743,+10,745,ว 3์/๑
20.6.2014,+22,749,+17,749,ว 2์/๑
21.6.2014,+25,747,+21,744,ย 2์/๑
22.6.2014,+25,741,+21,744,ว 4์/๑
23.6.2014,+23,748,+17,747,ว 2์/๑
24.6.2014,+24,746,+19,746,ว 3์/๑
25.6.2014,+23,746,+19,746,ว 3์/๑
26.6.2014,+22,746,+19,747,ว 3์/๑
27.6.2014,+23,745,+19,743,ย 3์/๑
28.6.2014,+16,743,+14,745,ว 4์/๑
29.6.2014,+12,747,+11,749,ว 4์/๑
30.6.2014,+20,753,+15,753,ัว 3์/๑
1.7.2014,+25,753,+17,753,ว 3์/๑
2.7.2014,+29,752,+19,752,ว 2์/๑
3.7.2014,+31,750,+21,749,ัว 1์/๑
4.7.2014,+31,745,+23,746,ว 2์/๑
5.7.2014,+23,748,+20,749,ว 2์/๑
6.7.2014,+28,750,+23,751,ว 3์/๑
7.7.2014,+22,751,+17,750,ย 1์/๑
8.7.2014,+26,747,+21,747,ัย 3์/๑
9.7.2014,+25,744,+21,744,ั 2์/๑
10.7.2014,+26,743,+18,744,ัย 2์/๑
11.7.2014,+24,748,+17,750,ัว 2์/๑
12.7.2014,+19,752,+15,753,ัย 3์/๑
13.7.2014,+26,749,+21,748,ว 4์/๑
14.7.2014,+27,750,+20,750,ัย 2์/๑
15.7.2014,+30,752,+22,751,ว 2์/๑
16.7.2014,+32,750,+22,750,ว 2์/๑
17.7.2014,+31,748,+24,748,ัว 2์/๑
18.7.2014,+22,749,+17,749,ั 2์/๑
19.7.2014,+23,745,+15,745,ัว 3์/๑
20.7.2014,+21,744,+14,744,ว 3์/๑
21.7.2014,+19,745,+11,747,ัว 2์/๑
22.7.2014,+24,745,+19,745,ัว 4์/๑
23.7.2014,+25,745,+20,746,ัว 2์/๑
24.7.2014,+25,746,+17,746,ัว 1์/๑
25.7.2014,+23,746,+17,746,ัว 3์/๑
26.7.2014,+19,745,+15,746,ั 2์/๑
27.7.2014,+19,749,+15,751,ัว 3์/๑
28.7.2014,+22,750,+16,752,ัย 2์/๑
29.7.2014,+24,752,+19,751,ว 2์/๑
30.7.2014,+31,750,+25,749,ว 3์/๑
31.7.2014,+31,749,+20,749,ว 2์/๑
1.8.2014,+26,750,+21,751,ั 2์/๑
2.8.2014,+25,751,+19,751,ว 1์/๑
3.8.2014,+24,748,+21,747,ั 1์/๑
4.8.2014,+24,746,+21,745,ั 2์/๑
5.8.2014,+24,745,+18,746,ย 4์/๑
6.8.2014,+26,747,+21,747,ย 2์/๑
7.8.2014,+31,748,+26,748,ย 2์/๑
8.8.2014,+31,746,+27,746,ย 3์/๑
9.8.2014,+35,741,+24,741, 3์/๑
10.8.2014,+29,742,+22,743,ว 3์/๑
11.8.2014,+27,743,+21,745,ัว 2์/๑
12.8.2014,+27,746,+19,747,ั 2์/๑
13.8.2014,+28,748,+19,749,ว 2์/๑
14.8.2014,+26,748,+18,748,ย 1์/๑
15.8.2014,+29,748,+26,745,ัว 1์/๑
16.8.2014,+37,742,+33,740,ว 2์/๑
17.8.2014,+33,739,+25,741,ว 2์/๑
18.8.2014,+28,747,+25,747,ว 2์/๑
19.8.2014,+22,749,+21,749,ว 1์/๑
20.8.2014,+23,747,+21,748,ั 1์/๑
21.8.2014,+22,748,+20,748,ัว 1์/๑
22.8.2014,+27,746,+18,746,ัว 2์/๑
23.8.2014,+27,746,+19,746,ว 2์/๑
24.8.2014,+23,750,+18,751,ัย 2์/๑
25.8.2014,+24,751,+20,750,ย 2์/๑
26.8.2014,+21,747,+16,746,ย 2์/๑
27.8.2014,+22,748,+13,747,ัว 1์/๑
28.8.2014,+19,745,+16,742,ัย 1์/๑
29.8.2014,+19,740,+15,744,ว 6์/๑
30.8.2014,+20,746,+13,747,ว 3์/๑
31.8.2014,+17,749,+12,751,ว 3์/๑
1.9.2014,+20,755,+15,756,ัว 2์/๑
2.9.2014,+20,757,+16,757,ั 2์/๑
3.9.2014,+23,754,+19,752,ัว 1์/๑
4.9.2014,+19,750,+15,750,ัว 2์/๑
5.9.2014,+19,751,+10,751,ั 1์/๑
6.9.2014,+22,749,+12,749,ัว 2์/๑
7.9.2014,+22,750,+13,751,ัว 1์/๑
8.9.2014,+19,753,+14,754,ัย 2์/๑
9.9.2014,+18,755,+13,755,ย 1์/๑
10.9.2014,+21,756,+15,757,ย 1์/๑
11.9.2014,+21,758,+17,758,ย 2์/๑
12.9.2014,+25,757,+17,756,ว 1์/๑
13.9.2014,+23,754,+11,753,ว 2์/๑
14.9.2014,+24,752,+18,752,ว 2์/๑
15.9.2014,+22,751,+14,750,ว 1์/๑
16.9.2014,+13,748,+7,751,ัว 4์/๑
17.9.2014,+9,753,+7,753,ัว 3์/๑
18.9.2014,+9,757,+7,759,ัว 2์/๑
19.9.2014,+14,760,+6,759,ว 3์/๑
20.9.2014,+17,756,+7,756,ว 2์/๑
21.9.2014,+20,754,+10,754,ว 2์/๑
22.9.2014,+20,752,+10,752,ย 1์/๑
23.9.2014,+17,749,+14,747,ย 2์/๑
24.9.2014,+24,743,+17,743,ย 2์/๑
25.9.2014,+16,745,+13,746,ุ
26.9.2014,+17,749,+14,750,ัว 1์/๑
27.9.2014,+19,750,+15,749,ย 1์/๑
28.9.2014,+18,748,+13,749,ว 2์/๑
29.9.2014,+16,749,+11,749,ัว 1์/๑
30.9.2014,+14,744,+12,741,ว 2์/๑
1.10.2014,+8,743,+6,744,ว 3์/๑
2.10.2014,+3,747,+4,748,ัว 3์/๑
3.10.2014,+6,749,+2,749,ัว 3์/๑
4.10.2014,+9,747,+3,749,ัว 2์/๑
5.10.2014,+6,755,+3,757,ั 1์/๑
6.10.2014,+6,761,+5,761,ัว 1์/๑
7.10.2014,+8,761,+4,760,ัว 3์/๑
8.10.2014,+4,762,+3,762,ัว 2์/๑
9.10.2014,+9,761,+5,760,ว 2์/๑
10.10.2014,+13,756,+12,755,ว 4์/๑
11.10.2014,+19,749,+14,751,ว 4์/๑
12.10.2014,+15,752,+9,752,ว 2์/๑
13.10.2014,+19,748,+15,747,ว 3์/๑
14.10.2014,+15,747,+11,749,ัว 2์/๑
15.10.2014,+13,749,+12,748,ว 2์/๑
16.10.2014,+17,743,+13,744,ว 3์/๑
17.10.2014,+17,738,+14,736,ย 1์/๑
18.10.2014,+2,739,0,740,ัว 2์/๑
19.10.2014,-2,745,-4,748,ัว 3์/๑
20.10.2014,-1,745,-2,740, 2์/๑
21.10.2014,+3,737,+4,735,ย 2์/๑
22.10.2014,+1,738,-4,742,ว 3์/๑
23.10.2014,-6,748,-9,750,ว 4์/๑
24.10.2014,-6,755,-7,756,ัว 3์/๑
25.10.2014,-5,758,-6,759,ั 2์/๑
26.10.2014,-5,764,-5,764,ัว 2์/๑
27.10.2014,+2,762,+1,761,ว 3์/๑
28.10.2014,+3,756,+3,755,ว 4์/๑
29.10.2014,+7,755,+5,756,ว 2์/๑
30.10.2014,+7,757,+6,756, 1์/๑
31.10.2014,+8,752,+6,751,ว 3์/๑
1.11.2014,+4,745,+2,744,ุ
2.11.2014,+2,745,+1,746,ัย 3์/๑
3.11.2014,+4,750,+2,752,ัย 1์/๑
4.11.2014,-1,753,-2,752,ั 1์/๑
5.11.2014,+4,751,+2,751,ว 1์/๑
6.11.2014,+1,753,0,754,ัว 1์/๑
7.11.2014,+4,755,+3,756,ว 1์/๑
8.11.2014,+4,755,+5,755,ว 2์/๑
9.11.2014,+4,757,+5,758,ว 2์/๑
10.11.2014,+6,759,+4,763,ว 2์/๑
11.11.2014,+2,766,+2,766,ว 1์/๑
12.11.2014,+4,761,+3,760,ว 2์/๑
13.11.2014,+5,759,+2,759,ว 2์/๑
14.11.2014,+2,759,+2,760,ัว 1์/๑
15.11.2014,-1,759,-4,759,ัว 1์/๑
16.11.2014,-8,762,-9,763,ั 1์/๑
17.11.2014,-6,765,-9,765,ุ
18.11.2014,-6,766,-9,766,ว 2์/๑
19.11.2014,-6,765,-8,771,ว 2์/๑
20.11.2014,-4,762,-3,762,ั 1์/๑
21.11.2014,-1,762,-1,762,ัว 1์/๑
22.11.2014,-1,757,-4,755,ว 2์/๑
23.11.2014,-3,756,-8,761,ั 2์/๑
24.11.2014,-11,770,-13,770,ย 1์/๑
25.11.2014,-7,767,-10,766,ว 3์/๑
26.11.2014,-7,760,-9,759,ว 3์/๑
27.11.2014,-8,763,-8,763, 1์/๑
28.11.2014,-8,766,-8,766,ย 1์/๑
29.11.2014,-5,765,-5,764,ัย 1์/๑
30.11.2014,-7,759,-9,758,ย 1์/๑
1.12.2014,-7,753,-7,752,ว 2์/๑
2.12.2014,-13,754,-16,756,ั 1์/๑
3.12.2014,-12,755,-9,750,ว 4์/๑
4.12.2014,-4,746,-3,744,ว 4์/๑
5.12.2014,-4,752,-12,756,ัว 2์/๑
6.12.2014,-11,765,-11,764,ว 1์/๑
7.12.2014,-4,762,-8,764,ว 5์/๑
8.12.2014,-11,764,-11,763,ย 3์/๑
9.12.2014,-9,763,-8,763,ย 2์/๑
10.12.2014,-3,762,-5,761,ว 1์/๑
11.12.2014,-7,758,-6,758,ย 2์/๑
12.12.2014,-5,755,-1,754,ย 2์/๑
13.12.2014,-5,752,-3,752,ย 2์/๑
14.12.2014,-2,754,-3,755,ว 1์/๑
15.12.2014,-3,757,-2,759,ุ
16.12.2014,-3,759,-4,760,ย 1์/๑
17.12.2014,-7,759,-6,758,ย 1์/๑
18.12.2014,-5,752,-4,751, 2์/๑
19.12.2014,-2,748,-4,748,ว 1์/๑
20.12.2014,-2,746,-1,743, 3์/๑
21.12.2014,+1,744,-1,745,ว 3์/๑
22.12.2014,0,739,-1,740,ว 1์/๑
23.12.2014,-4,740,-2,737,ย 1์/๑
24.12.2014,0,727,-3,729,ว 2์/๑
25.12.2014,-6,737,-7,732,ว 2์/๑
26.12.2014,-11,744,-13,749,ว 3์/๑
27.12.2014,-13,756,-17,758,ว 2์/๑
28.12.2014,-9,750,-7,745,ย 5์/๑
29.12.2014,-9,742,-13,747,ว 4์/๑
30.12.2014,-12,746,-10,740,ย 3์/๑
31.12.2014,-15,751,-19,750,ัว 2์/๑
1.1.2015,-14,743,-12,744,ว 2์/๑
2.1.2015,-7,743,-7,740, 2์/๑
3.1.2015,-1,733,0,733,ว 2์/๑
4.1.2015,0,735,0,735,ว 2์/๑
5.1.2015,-3,738,-2,737,ว 3์/๑
6.1.2015,-6,741,-12,745,ัว 2์/๑
7.1.2015,-22,750,-27,752,ั 1์/๑
8.1.2015,-22,752,-21,750,ว 1์/๑
9.1.2015,-13,746,-12,745,ว 3์/๑
10.1.2015,-9,744,-5,745, 3์/๑
11.1.2015,-10,741,-8,737,ย 4์/๑
12.1.2015,-1,738,-1,739,ว 2์/๑
13.1.2015,-1,742,-3,740,ว 3์/๑
14.1.2015,+1,746,+2,746,ว 3์/๑
15.1.2015,+2,751,-2,751,ว 1์/๑
16.1.2015,-3,749,-1,752,ัว 1์/๑
17.1.2015,-3,756,-8,756,ว 1์/๑
18.1.2015,-8,752,-5,752,ว 2์/๑
19.1.2015,-1,749,-1,749,ว 1์/๑
20.1.2015,-3,754,-11,758,ัว 3์/๑
21.1.2015,-13,760,-16,759,ัว 1์/๑
22.1.2015,-12,759,-17,762,ั 2์/๑
23.1.2015,-15,770,-20,771,ว 1์/๑
24.1.2015,-17,771,-20,771,ย 1์/๑
25.1.2015,-15,772,-17,771, 2์/๑
26.1.2015,-18,767,-21,766,ย 2์/๑
27.1.2015,-17,763,-19,762,ย 3์/๑
28.1.2015,-17,757,-17,757,ย 2์/๑
29.1.2015,-17,754,-18,754,ย 2์/๑
30.1.2015,-16,754,-16,754,ย 2์/๑
31.1.2015,-9,756,-10,756,ย 2์/๑
1.2.2015,-9,755,-12,754,ย 3์/๑
2.2.2015,-5,747,-4,747,ย 3์/๑
3.2.2015,-5,748,-6,748,ย 3์/๑
4.2.2015,-6,748,-6,748,ย 3์/๑
5.2.2015,-2,748,-3,750,ว 3์/๑
6.2.2015,-5,751,-6,748, 2์/๑
7.2.2015,-7,740,-11,739,ั 2์/๑
8.2.2015,-10,738,-13,740,ว 1์/๑
9.2.2015,-5,740,-4,742, 3์/๑
10.2.2015,-2,750,-4,751, 2์/๑
11.2.2015,-7,752,-10,751,ว 2์/๑
12.2.2015,-4,754,-7,754,ว 3์/๑
13.2.2015,-5,753,-4,754,ว 2์/๑
14.2.2015,+3,757,-6,756,ัว 1์/๑
15.2.2015,-5,748,-6,746,ว 2์/๑
16.2.2015,-10,752,-12,755,ั 3์/๑
17.2.2015,-11,761,-15,763,ั 1์/๑
18.2.2015,-9,759,-17,756,ว 1์/๑
19.2.2015,-10,749,-12,750,ว 1์/๑
20.2.2015,-9,751,-11,750,ว 3์/๑
21.2.2015,-4,750,-4,751,ว 3์/๑
22.2.2015,0,756,0,756, 2์/๑
23.2.2015,+2,758,-3,759,ว 3์/๑
24.2.2015,+4,762,-6,763,ว 1์/๑
25.2.2015,+2,765,-6,766,ย 1์/๑
26.2.2015,-2,767,-6,767,ย 2์/๑
27.2.2015,-6,764,-7,764, 1์/๑
28.2.2015,-4,761,-6,761,ย 1์/๑
1.3.2015,-2,758,-5,758,ย 3์/๑
2.3.2015,-2,756,-6,756,ย 2์/๑
3.3.2015,-3,755,-6,755,ย 2์/๑
4.3.2015,-2,752,-8,752,ย 1์/๑
5.3.2015,-8,755,-11,756,ย 2์/๑
6.3.2015,-6,758,-11,759,ย 1์/๑
7.3.2015,-7,758,-10,758,ย 1์/๑
8.3.2015,-3,758,-10,758,ว 1์/๑
9.3.2015,-2,754,-1,752,ว 2์/๑
10.3.2015,+4,752,+2,756,ั 2์/๑
11.3.2015,+4,759,+2,758,ว 2์/๑
12.3.2015,+3,759,+1,760,ว 2์/๑
13.3.2015,+4,765,0,767,ัย 3์/๑
14.3.2015,+7,768,+3,768,ัว 2์/๑
15.3.2015,+6,764,+1,764,ัว 2์/๑
16.3.2015,+1,768,-2,770,ัย 3์/๑
17.3.2015,+5,770,-1,769,ัว 1์/๑
18.3.2015,+6,765,-2,764,ว 2์/๑
19.3.2015,+9,760,-1,759,ัว 1์/๑
20.3.2015,+5,754,0,752, 2์/๑
21.3.2015,+2,746,-2,743, 2์/๑
22.3.2015,+2,741,+2,740,ว 2์/๑
23.3.2015,-2,747,-5,750,ั 2์/๑
24.3.2015,-2,749,-2,748,ว 4์/๑
25.3.2015,+5,749,+3,752,ว 4์/๑
26.3.2015,+1,758,-2,759,ย 3์/๑
27.3.2015,-1,765,-3,767,ัย 4์/๑
28.3.2015,+1,770,-3,771,ย 2์/๑
29.3.2015,-1,772,-4,770,ย 2์/๑
30.3.2015,-1,765,-4,764,ย 3์/๑
31.3.2015,+3,761,0,759,ย 2์/๑
1.4.2015,+6,755,0,755,ย 2์/๑
2.4.2015,+4,753,0,753,ย 3์/๑
3.4.2015,+5,750,+1,750,ย 4์/๑
4.4.2015,0,752,+1,752,ย 2์/๑
5.4.2015,+1,751,0,749,ย 2์/๑
6.4.2015,+6,752,+4,753,ว 3์/๑
7.4.2015,+9,753,+6,753,ว 3์/๑
8.4.2015,+9,749,+5,745,ย 3์/๑
9.4.2015,+8,737,+6,738,ว 3์/๑
10.4.2015,+8,746,+6,746,ว 2์/๑
11.4.2015,+10,745,+7,746,ว 4์/๑
12.4.2015,+10,754,+2,755,ัว 3์/๑
13.4.2015,+14,753,+10,752, 3์/๑
14.4.2015,+15,747,+11,746, 2์/๑
15.4.2015,+17,743,+5,745, 3์/๑
16.4.2015,+13,743,+8,743,ว 3์/๑
17.4.2015,+14,738,+10,740,ว 5์/๑
18.4.2015,+11,740,+7,740,ว 2์/๑
19.4.2015,+10,737,+7,737,ย 2์/๑
20.4.2015,+3,733,+4,737,ว 5์/๑
21.4.2015,+6,740,+4,742,ว 2์/๑
22.4.2015,+7,740,+1,739,ุ
23.4.2015,+7,740,+6,740,ว 5์/๑
24.4.2015,+11,736,+8,740,ว 4์/๑
25.4.2015,+10,740,+6,740, 2์/๑
26.4.2015,+10,746,+5,748,ัว 4์/๑
27.4.2015,+9,747,+9,749,ว 1์/๑
28.4.2015,+13,753,+13,752,ย 3์/๑
29.4.2015,+25,752,+18,754,ว 2์/๑
30.4.2015,+25,752,+20,752, 2์/๑
1.5.2015,+23,752,+18,752,ย 1์/๑
2.5.2015,+23,750,+18,750,ย 2์/๑
3.5.2015,+23,746,+18,745,ย 2์/๑
4.5.2015,+24,741,+17,742,ัว 2์/๑
5.5.2015,+21,745,+14,747,ัว 2์/๑
6.5.2015,+18,746,+16,746,ัย 3์/๑
7.5.2015,+12,746,+11,746,ัย 2์/๑
8.5.2015,+18,743,+13,743,ัย 2์/๑
9.5.2015,+8,743,+5,744,ั 2์/๑
10.5.2015,+15,748,+12,750,ั 2์/๑
11.5.2015,+18,755,+14,755,ว 2์/๑
12.5.2015,+19,754,+13,753, 1์/๑
13.5.2015,+19,750,+16,749,ัว 1์/๑
14.5.2015,+15,746,+12,746,ย 2์/๑
15.5.2015,+20,745,+17,744,ว 2์/๑
16.5.2015,+15,739,+12,738,ว 2์/๑
17.5.2015,+15,736,+11,736,ว 3์/๑
18.5.2015,+10,737,+9,738,ว 3์/๑
19.5.2015,+12,740,+8,742,ว 2์/๑
20.5.2015,+16,746,+13,746,ว 2์/๑
21.5.2015,+19,750,+16,752,ั 2์/๑
22.5.2015,+26,752,+15,752,ัว 3์/๑
23.5.2015,+28,750,+21,749,ว 2์/๑
24.5.2015,+29,749,+20,749,ว 3์/๑
25.5.2015,+29,750,+23,751,ว 3์/๑
26.5.2015,+28,751,+18,751, 2์/๑
27.5.2015,+29,751,+24,750,ว 3์/๑
28.5.2015,+30,747,+24,748, 2์/๑
29.5.2015,+25,749,+24,749,ุ
30.5.2015,+28,750,+24,750,ย 1์/๑
31.5.2015,+31,750,+26,749,ย 2์/๑
1.6.2015,+33,746,+24,747,ย 2์/๑
2.6.2015,+28,749,+20,749, 2์/๑
3.6.2015,+19,748,+18,747,ว 2์/๑
4.6.2015,+28,746,+18,746,ว 3์/๑
5.6.2015,+23,747,+19,747,ัว 3์/๑
6.6.2015,+19,749,+13,750,ัว 3์/๑
7.6.2015,+20,752,+13,752,ัว 3์/๑
8.6.2015,+26,747,+18,747,ว 3์/๑
9.6.2015,+24,750,+18,749,ัว 3์/๑
10.6.2015,+21,750,+15,750,ั 2์/๑
11.6.2015,+19,749,+11,749,ัว 2์/๑
12.6.2015,+23,746,+13,746,ว 2์/๑
13.6.2015,+21,750,+17,750,ัว 2์/๑
14.6.2015,+28,749,+19,749,ว 2์/๑
15.6.2015,+32,747,+28,746,ว 3์/๑
16.6.2015,+32,746,+28,746,ว 2์/๑
17.6.2015,+35,746,+29,744,ว 2์/๑
18.6.2015,+32,744,+24,745,ั 1์/๑
19.6.2015,+33,745,+25,746,ย 2์/๑
20.6.2015,+32,746,+28,748,ย 3์/๑
21.6.2015,+37,746,+27,747,ย 3์/๑
22.6.2015,+35,747,+30,746,ย 2์/๑
23.6.2015,+31,746,+24,747,ว 3์/๑
24.6.2015,+32,748,+26,748,ัว 2์/๑
25.6.2015,+32,746,+27,746,ัย 2์/๑
26.6.2015,+31,744,+26,744,ั 2์/๑
27.6.2015,+32,742,+27,742,ย 2์/๑
28.6.2015,+35,741,+29,741,ว 2์/๑
29.6.2015,+33,743,+27,743,ว 3์/๑
30.6.2015,+26,744,+21,746,ว 3์/๑
1.7.2015,+24,744,+17,745,ว 1์/๑
2.7.2015,+26,747,+20,748,ัว 3์/๑
3.7.2015,+23,748,+17,750,ัว 3์/๑
4.7.2015,+26,746,+18,747,ว 2์/๑
5.7.2015,+31,743,+24,743,ว 3์/๑
6.7.2015,+24,742,+16,745,ัว 4์/๑
7.7.2015,+19,748,+14,747,ัว 2์/๑
8.7.2015,+25,741,+20,743,ว 3์/๑
9.7.2015,+26,746,+21,746,ั 2์/๑
10.7.2015,+35,741,+31,740,ว 3์/๑
11.7.2015,+24,737,+22,734,ย 1์/๑
12.7.2015,+17,734,+17,734,ว 3์/๑
13.7.2015,+23,740,+18,743,ว 4์/๑
14.7.2015,+25,746,+19,746,ว 3์/๑
15.7.2015,+23,746,+20,745,ว 2์/๑
16.7.2015,+24,742,+17,743,ัว 2์/๑
17.7.2015,+19,743,+17,744,ัว 3์/๑
18.7.2015,+22,744,+18,745,ั 1์/๑
19.7.2015,+22,746,+17,747,ัย 2์/๑
20.7.2015,+27,745,+22,743,ว 2์/๑
21.7.2015,+20,738,+18,739,ว 2์/๑
22.7.2015,+22,742,+17,744,ว 3์/๑
23.7.2015,+22,745,+19,745,ว 3์/๑
24.7.2015,+26,747,+17,747,ว 2์/๑
25.7.2015,+26,747,+19,748,ัว 3์/๑
26.7.2015,+26,749,+20,748,ัว 2์/๑
27.7.2015,+28,747,+22,747,ัว 2์/๑
28.7.2015,+28,747,+19,747,ว 2์/๑
29.7.2015,+29,746,+25,745, 1์/๑
30.7.2015,+28,745,+20,746,ั 2์/๑
31.7.2015,+30,746,+22,747,ว 3์/๑
1.8.2015,+31,746,+25,744,ว 4์/๑
2.8.2015,+22,753,+17,754,ั 3์/๑
3.8.2015,+26,754,+18,753,ว 2์/๑
4.8.2015,+25,750,+18,750,ัว 4์/๑
5.8.2015,+23,748,+18,748,ั 2์/๑
6.8.2015,+21,749,+16,750,ัว 3์/๑
7.8.2015,+24,752,+17,753,ั 2์/๑
8.8.2015,+21,752,+18,751,ว 2์/๑
9.8.2015,+28,750,+18,750,ั 2์/๑
10.8.2015,+29,747,+23,748,ัว 2์/๑
11.8.2015,+26,749,+20,751,ัว 4์/๑
12.8.2015,+24,753,+20,755,ั 2์/๑
13.8.2015,+27,754,+19,753,ว 2์/๑
14.8.2015,+29,747,+19,747,ว 3์/๑
15.8.2015,+24,746,+14,746,ว 1์/๑
16.8.2015,+17,744,+15,743,ุ
17.8.2015,+19,742,+13,743,ัว 3์/๑
18.8.2015,+18,745,+14,747,ว 3์/๑
19.8.2015,+16,749,+12,749,ัว 2์/๑
20.8.2015,+16,751,+13,752,ัว 2์/๑
21.8.2015,+22,753,+17,754,ัว 2์/๑
22.8.2015,+26,753,+14,752,ว 2์/๑
23.8.2015,+20,749,+13,751,ั 2์/๑
24.8.2015,+16,752,+11,753,ั 2์/๑
25.8.2015,+20,749,+15,749,ัว 3์/๑
26.8.2015,+14,751,+15,750,ย 2์/๑
27.8.2015,+26,749,+16,750,ว 1์/๑
28.8.2015,+27,749,+18,749,ว 2์/๑
29.8.2015,+24,747,+21,743,ว 2์/๑
30.8.2015,+18,740,+9,743,ว 5์/๑
31.8.2015,+17,745,+10,746,ัว 2์/๑
1.9.2015,+17,746,+8,747,ัว 2์/๑
2.9.2015,+19,746,+9,746,ัว 3์/๑
3.9.2015,+19,747,+14,749,ั 1์/๑
4.9.2015,+21,752,+18,752, 2์/๑
5.9.2015,+26,749,+18,749, 1์/๑
6.9.2015,+26,748,+23,748,ว 1์/๑
7.9.2015,+34,743,+30,743,ว 2์/๑
8.9.2015,+21,749,+15,749,ว 3์/๑
9.9.2015,+22,752,+16,753,ว 2์/๑
10.9.2015,+19,753,+13,753,ว 2์/๑
11.9.2015,+13,756,+11,758,ัว 3์/๑
12.9.2015,+17,760,+11,761,ัย 2์/๑
13.9.2015,,,+10,761,ุ
14.9.2015,+21,759,+13,758,ย 1์/๑
15.9.2015,+22,755,+17,754,ัย 1์/๑
16.9.2015,+22,752,+16,752,ว 2์/๑
17.9.2015,+23,754,+15,755,ัว 1์/๑
18.9.2015,+22,754,+19,753,ว 1์/๑
19.9.2015,+28,749,+20,749,ว 3์/๑
20.9.2015,+25,750,+18,752,ัว 2์/๑
21.9.2015,+23,754,+18,754,ย 1์/๑
22.9.2015,+26,755,+20,755,ย 1์/๑
23.9.2015,+27,756,+22,756,ย 1์/๑
24.9.2015,+27,757,+17,757,ว 2์/๑
25.9.2015,+27,756,+18,756,ัว 2์/๑
26.9.2015,+27,756,+17,757,ว 1์/๑
27.9.2015,+29,758,+20,758,ว 1์/๑
28.9.2015,+28,758,+23,758,ว 2์/๑
29.9.2015,+23,758,+17,757, 3์/๑
30.9.2015,+18,755,+9,755,ัว 2์/๑
1.10.2015,+13,752,+7,751,ัว 1์/๑
2.10.2015,+9,743,+9,744,ว 3์/๑
3.10.2015,+11,736,+12,740,ว 3์/๑
4.10.2015,+11,755,+4,756,ัว 2์/๑
5.10.2015,+17,752,+12,749,ว 3์/๑
6.10.2015,+19,742,+9,742,ว 3์/๑
7.10.2015,+3,743,+1,742,ั 2์/๑
8.10.2015,0,740,-1,743,ว 4์/๑
9.10.2015,+1,745,0,745,ว 4์/๑
10.10.2015,0,744,0,745,ว 3์/๑
11.10.2015,+1,748,-1,749,ว 2์/๑
12.10.2015,+2,754,+2,755,ว 4์/๑
13.10.2015,+3,758,+3,758,ว 3์/๑
14.10.2015,+9,759,+6,760,ว 3์/๑
15.10.2015,+6,758,+5,757,ว 4์/๑
16.10.2015,+7,758,+5,759,ัย 1์/๑
17.10.2015,+10,755,+7,753,ว 3์/๑
18.10.2015,+11,749,+9,748,ว 3์/๑
19.10.2015,+5,746,+5,745,ว 2์/๑
20.10.2015,+1,750,+1,754,ั 2์/๑
21.10.2015,+1,758,-2,760,ั 2์/๑
22.10.2015,+3,761,-2,761, 1์/๑
23.10.2015,+3,758,+3,755,ย 2์/๑
24.10.2015,0,752,0,752,ย 1์/๑
25.10.2015,+1,749,+2,749,ย 2์/๑
26.10.2015,+3,746,+3,749,ว 3์/๑
27.10.2015,+7,746,+5,745,ว 2์/๑
28.10.2015,+5,745,+4,743, 1์/๑
29.10.2015,+3,746,+1,752,ัว 3์/๑
30.10.2015,0,756,-1,757,ัว 2์/๑
31.10.2015,-1,761,-2,763,ั 2์/๑
1.11.2015,0,755,+1,754,ว 3์/๑
2.11.2015,+3,744,+3,744,ว 3์/๑
3.11.2015,+4,738,+5,737,ว 3์/๑
4.11.2015,+5,743,+4,745,ัว 2์/๑
5.11.2015,+5,740,+4,739,ว 2์/๑
6.11.2015,+3,747,+3,751,ัว 5์/๑
7.11.2015,+3,756,-1,756,ว 2์/๑
8.11.2015,+2,753,+2,752,ว 2์/๑
9.11.2015,+3,751,+2,750, 1์/๑
10.11.2015,+2,746,+1,743, 3์/๑
11.11.2015,0,736,+1,735,ย 3์/๑
12.11.2015,0,738,0,740,ย 2์/๑
13.11.2015,-1,743,-3,745,ย 2์/๑
14.11.2015,-4,749,-5,750,ั 1์/๑
15.11.2015,-3,748,-4,748,ย 2์/๑
16.11.2015,-3,748,-5,749,ย 3์/๑
17.11.2015,-6,752,-7,754,ย 3์/๑
18.11.2015,-4,754,-5,755,ย 1์/๑
19.11.2015,-6,755,-6,755, 1์/๑
20.11.2015,-9,752,-9,750,ย 4์/๑
21.11.2015,+3,741,+3,744,ว 3์/๑
22.11.2015,+7,746,+8,746,ว 2์/๑
23.11.2015,+10,748,+10,749,ว 2์/๑
24.11.2015,+3,755,+2,756,ัว 2์/๑
25.11.2015,+1,752,0,752,ย 2์/๑
26.11.2015,0,744,+2,740,ย 4์/๑
27.11.2015,-4,746,-5,749,ว 4์/๑
28.11.2015,-2,751,-3,752,ว 3์/๑
29.11.2015,+2,754,-2,755,ุ
30.11.2015,0,752,-1,750,ย 2์/๑
1.12.2015,-1,749,-1,746,ย 1์/๑
2.12.2015,+1,749,0,750,ย 1์/๑
3.12.2015,-1,754,-2,756,ัย 2์/๑
4.12.2015,-3,755,-2,753,ว 2์/๑
5.12.2015,-1,748,-1,745,ว 2์/๑
6.12.2015,+2,745,+1,743,ว 3์/๑
7.12.2015,+2,731,+3,731,ว 4์/๑
8.12.2015,+1,737,+1,741,ัว 3์/๑
9.12.2015,0,754,-1,755,ัว 3์/๑
10.12.2015,+2,753,+1,752,ว 5์/๑
11.12.2015,-1,756,-2,755,ว 2์/๑
