12.12.2015,-2,753,0,752,ว 2์/๑
13.12.2015,+1,744,-1,746, 2์/๑
14.12.2015,0,752,-4,753,ว 2์/๑
15.12.2015,-2,751,-3,749,ย 2์/๑
16.12.2015,-4,744,-5,743,ัว 1์/๑
17.12.2015,-9,743,-10,746,ัว 3์/๑
18.12.2015,-10,752,-12,752,ว 2์/๑
19.12.2015,-16,754,-13,750,ย 1์/๑
20.12.2015,-6,743,-5,745,ย 2์/๑
21.12.2015,-1,746,-1,743, 1์/๑
22.12.2015,+2,736,,,
23.12.2015,+2,741,+2,742,ว 2์/๑
24.12.2015,+1,730,0,733,ย 1์/๑
25.12.2015,-1,743,-3,746,ัว 5์/๑
26.12.2015,-5,743,-2,740,ว 2์/๑
27.12.2015,+1,736,-3,735,ว 2์/๑
28.12.2015,-4,745,-3,748,ว 3์/๑
29.12.2015,-6,752,-8,754,ัว 3์/๑
30.12.2015,-11,757,-15,758,ั 1์/๑
31.12.2015,-16,759,-16,760,ัย 2์/๑
1.1.2016,-16,762,-18,762,ัย 2์/๑
2.1.2016,-19,760,-20,758,ย 1์/๑
3.1.2016,-12,745,-14,745,ย 3์/๑
4.1.2016,-17,752,-17,755,ย 2์/๑
5.1.2016,,,-15,758,ุ
6.1.2016,-16,756,-17,755,ย 4์/๑
7.1.2016,-16,752,-14,751,ย 3์/๑
8.1.2016,-9,750,-7,749,ย 3์/๑
9.1.2016,-6,740,-3,737,ย 5์/๑
10.1.2016,,,-6,738,ุ
11.1.2016,-12,744,-15,747,ว 2์/๑
12.1.2016,-17,755,-19,754,ว 1์/๑
13.1.2016,-11,747,-9,746,ย 4์/๑
14.1.2016,-6,747,-7,746,ย 2์/๑
15.1.2016,-5,749,-4,750,ว 2์/๑
16.1.2016,-6,756,-13,758,ัว 1์/๑
17.1.2016,-12,755,-8,753,ย 4์/๑
18.1.2016,-4,752,-4,751,ย 3์/๑
19.1.2016,-7,743,-5,742,ย 3์/๑
20.1.2016,-2,741,-3,742,ย 1์/๑
21.1.2016,-8,754,-10,759,ว 4์/๑
22.1.2016,-12,764,-10,761,ย 3์/๑
23.1.2016,-6,758,-8,756,ย 2์/๑
24.1.2016,-8,757,-13,758,ัย 1์/๑
25.1.2016,-19,756,-22,756,ัว 2์/๑
26.1.2016,-19,755,-22,756,ัว 4์/๑
27.1.2016,-17,755,-20,755,ย 2์/๑
28.1.2016,-17,753,-20,754,ย 2์/๑
29.1.2016,-11,745,-10,744,ย 3์/๑
30.1.2016,-3,746,-1,747,ว 1์/๑
31.1.2016,+1,749,0,749, 1์/๑
1.2.2016,+2,744,0,746, 3์/๑
2.2.2016,0,746,0,745, 1์/๑
3.2.2016,0,740,0,738,ว 2์/๑
4.2.2016,+2,743,0,744,ว 3์/๑
5.2.2016,+1,745,-1,747,ว 1์/๑
6.2.2016,-3,749,-5,749,ว 1์/๑
7.2.2016,-2,753,-5,755,ัว 2์/๑
8.2.2016,-3,755,-2,755,ว 2์/๑
9.2.2016,0,758,-4,760,ว 2์/๑
10.2.2016,0,763,-4,764,ว 3์/๑
11.2.2016,-7,765,-8,765,ย 3์/๑
12.2.2016,-4,764,-9,764,ย 2์/๑
13.2.2016,-3,761,-8,759,ย 1์/๑
14.2.2016,-5,759,-7,759,ย 3์/๑
15.2.2016,-5,760,-5,761,ย 2์/๑
16.2.2016,-2,759,-3,755,ย 3์/๑
17.2.2016,0,748,-3,749,ัว 3์/๑
18.2.2016,-2,753,-2,756,ัย 3์/๑
19.2.2016,0,761,-2,761,ัย 2์/๑
20.2.2016,+1,758,-1,755,ย 3์/๑
21.2.2016,-4,750,-4,749,ย 3์/๑
22.2.2016,-3,756,-5,754,ย 2์/๑
23.2.2016,+3,749,+1,750,ว 1์/๑
24.2.2016,+3,749,+1,749,ย 1์/๑
25.2.2016,0,742,-1,741,ย 2์/๑
26.2.2016,+3,749,-1,753,ว 3์/๑
27.2.2016,+1,758,-1,757, 2์/๑
28.2.2016,+1,758,+1,760,ว 1์/๑
29.2.2016,+2,760,-4,758,ุ
1.3.2016,0,759,-3,761,ัว 2์/๑
2.3.2016,-2,757,-1,754,ย 3์/๑
3.3.2016,0,750,0,749,ย 1์/๑
4.3.2016,+3,747,+2,746,ย 2์/๑
5.3.2016,+2,745,+2,746,ว 1์/๑
6.3.2016,+3,751,+2,753,ว 1์/๑
7.3.2016,+6,757,0,758,ุ
8.3.2016,+3,758,+3,758,ัย 2์/๑
9.3.2016,+2,756,+1,756,ย 2์/๑
10.3.2016,+3,756,0,756,ย 3์/๑
11.3.2016,+4,752,+2,752,ย 1์/๑
12.3.2016,+6,749,+2,750,ัว 2์/๑
13.3.2016,+1,750,-2,750,ัว 4์/๑
14.3.2016,-2,749,-3,749,ั 1์/๑
15.3.2016,-2,748,-7,746,ั 2์/๑
16.3.2016,0,737,-1,733,ว 3์/๑
17.3.2016,+2,734,-1,734,ัว 2์/๑
18.3.2016,+3,729,+1,728,ว 3์/๑
19.3.2016,-4,728,-7,736,ัว 4์/๑
20.3.2016,-4,743,-7,744,ว 2์/๑
21.3.2016,-2,745,-5,746,ว 2์/๑
22.3.2016,-2,749,-4,749,ย 2์/๑
23.3.2016,+4,746,+3,746,ย 3์/๑
24.3.2016,+2,747,0,748,ว 1์/๑
25.3.2016,+2,749,+2,749,ย 3์/๑
26.3.2016,+6,746,+4,744,ย 2์/๑
27.3.2016,+2,742,+2,743,ัว 2์/๑
28.3.2016,+3,748,+2,749,ัว 2์/๑
29.3.2016,+5,755,+2,755,ย 2์/๑
30.3.2016,+6,754,+2,753,ย 1์/๑
31.3.2016,+9,752,+4,751,ัว 2์/๑
1.4.2016,+4,742,+4,742,ว 3์/๑
2.4.2016,+5,734,+8,732,ย 3์/๑
3.4.2016,+6,737,+3,739,ว 3์/๑
4.4.2016,+5,743,+4,743,ว 2์/๑
5.4.2016,+5,742,+2,743,ั 1์/๑
6.4.2016,+4,744,+2,746,ัว 2์/๑
7.4.2016,+6,749,+2,750,ว 2์/๑
8.4.2016,+14,752,+9,752,ั 1์/๑
9.4.2016,+17,754,+13,753, 2์/๑
10.4.2016,+17,754,+12,753,ว 4์/๑
11.4.2016,+19,750,+14,750,ว 3์/๑
12.4.2016,+17,750,+11,751,ัว 1์/๑
13.4.2016,+20,749,+16,749,ว 2์/๑
14.4.2016,+19,744,+15,744,ย 3์/๑
15.4.2016,+22,743,+18,745,ว 2์/๑
16.4.2016,+23,746,+19,746,ว 2์/๑
17.4.2016,+18,744,+13,744,ั 1์/๑
18.4.2016,+9,745,+9,745,ั 2์/๑
19.4.2016,+15,741,+12,740,ย 1์/๑
20.4.2016,+10,743,+10,745,ว 3์/๑
21.4.2016,+11,742,+13,740,ย 3์/๑
22.4.2016,+11,745,+8,746,ว 3์/๑
23.4.2016,+9,742,+6,744,ว 2์/๑
24.4.2016,,,+9,754,ุ
25.4.2016,+18,754,+15,753,ย 2์/๑
26.4.2016,+22,752,+16,751,ย 3์/๑
27.4.2016,+20,749,+16,751,ย 2์/๑
28.4.2016,+17,752,+12,754,ย 4์/๑
29.4.2016,+15,756,+12,757,ย 2์/๑
30.4.2016,+14,753,+10,752,ย 3์/๑
1.5.2016,+10,749,+9,750,ย 2์/๑
2.5.2016,+12,751,+10,750,ย 3์/๑
3.5.2016,+15,749,+10,749,ย 2์/๑
4.5.2016,+11,746,+11,746,ัย 1์/๑
5.5.2016,+19,747,+15,749,ย 2์/๑
6.5.2016,+21,749,+18,749,ย 2์/๑
7.5.2016,+23,749,+18,750,ั 3์/๑
8.5.2016,+21,752,+15,752,ั 1์/๑
9.5.2016,+19,754,+17,752,ว 2์/๑
10.5.2016,+25,749,+19,749,ว 4์/๑
11.5.2016,+22,751,+18,749,ว 1์/๑
12.5.2016,+22,744,+15,743,ว 2์/๑
13.5.2016,+10,742,+7,743,ั 3์/๑
14.5.2016,+15,745,+10,746,ัย 3์/๑
15.5.2016,+8,747,+8,748,ย 2์/๑
16.5.2016,+15,748,+13,749,ย 3์/๑
17.5.2016,+18,750,+15,752,ย 3์/๑
18.5.2016,+17,752,+13,752,ย 3์/๑
19.5.2016,+24,751,+20,750,ย 2์/๑
20.5.2016,+17,748,+16,749,ว 1์/๑
21.5.2016,+20,748,+14,749,ย 2์/๑
22.5.2016,+20,747,+16,748,ว 2์/๑
23.5.2016,+21,751,+17,751,ั 2์/๑
24.5.2016,+25,749,+22,749,ย 2์/๑
25.5.2016,+29,748,+23,748,ย 2์/๑
26.5.2016,+30,749,+21,749,ย 2์/๑
27.5.2016,+29,751,+21,751,ว 2์/๑
28.5.2016,+30,751,+25,751,ว 2์/๑
29.5.2016,+30,750,+24,750,ัย 1์/๑
30.5.2016,+24,749,+21,748,ัว 2์/๑
31.5.2016,+17,751,+14,752,ัย 3์/๑
1.6.2016,,,+15,752,ุ
2.6.2016,+21,749,+18,749,ัว 2์/๑
3.6.2016,+20,744,+19,743,ัย 2์/๑
4.6.2016,+18,743,+17,743,ว 1์/๑
5.6.2016,+25,742,+18,743,ว 4์/๑
6.6.2016,+22,743,+18,743,ว 3์/๑
7.6.2016,+18,741,+15,743,ว 4์/๑
8.6.2016,+12,745,+12,746,ว 3์/๑
9.6.2016,+16,749,+12,749,ว 3์/๑
10.6.2016,+20,750,+13,750,ว 2์/๑
11.6.2016,+24,751,+17,750,ว 2์/๑
12.6.2016,+26,748,+22,747,ว 2์/๑
13.6.2016,+22,746,+20,747,ว 2์/๑
14.6.2016,+22,749,+20,749,ว 1์/๑
15.6.2016,+29,749,+26,749,ว 1์/๑
16.6.2016,+31,750,+27,751,ย 1์/๑
17.6.2016,+31,752,+26,753,ัย 1์/๑
18.6.2016,+29,753,+23,752,ย 3์/๑
19.6.2016,+31,752,+27,752,ว 2์/๑
20.6.2016,+30,752,+24,753,ว 1์/๑
21.6.2016,+30,754,+26,754,ั 2์/๑
22.6.2016,+31,752,+23,752,ั 2์/๑
23.6.2016,+27,749,+23,749,ัว 4์/๑
24.6.2016,+26,749,+22,749,ัว 3์/๑
25.6.2016,+20,750,+18,750,ว 1์/๑
26.6.2016,+22,748,+17,746,ย 1์/๑
27.6.2016,+24,741,+21,740,ว 2์/๑
28.6.2016,+19,744,+15,745,ัว 4์/๑
29.6.2016,+23,746,+19,746,ัว 3์/๑
30.6.2016,+24,746,+20,747,ัว 3์/๑
1.7.2016,+23,749,+18,749,ัว 2์/๑
2.7.2016,+26,747,+23,747,ัว 3์/๑
3.7.2016,+29,745,+25,746,ัว 2์/๑
4.7.2016,+29,743,+21,743,ว 2์/๑
5.7.2016,+30,740,+22,742,ว 3์/๑
6.7.2016,+24,745,+21,746,ว 3์/๑
7.7.2016,+26,749,+22,748,ว 2์/๑
8.7.2016,+31,746,+25,744,ย 2์/๑
9.7.2016,+19,740,+16,742,ว 2์/๑
10.7.2016,+24,746,+22,746,ว 3์/๑
11.7.2016,+27,747,+20,747,ว 2์/๑
12.7.2016,+21,746,+18,746,ว 1์/๑
13.7.2016,+29,746,+25,746,ว 4์/๑
14.7.2016,+31,746,+28,745,ว 3์/๑
15.7.2016,+29,749,+23,749,ัว 2์/๑
16.7.2016,+30,749,+25,749,ัว 3์/๑
17.7.2016,+33,746,+24,747,ว 4์/๑
18.7.2016,+29,745,+25,745,ัว 3์/๑
19.7.2016,+28,744,+24,744,ัย 3์/๑
20.7.2016,+28,745,+26,746,ย 3์/๑
21.7.2016,+31,747,+26,747,ย 2์/๑
22.7.2016,+18,746,+17,746,ย 2์/๑
23.7.2016,+24,744,+18,746,ย 2์/๑
24.7.2016,+23,745,+22,745,ว 3์/๑
25.7.2016,+26,746,+23,747,ั 2์/๑
26.7.2016,+26,749,+23,749,ัย 2์/๑
27.7.2016,+27,749,+21,749,ั 1์/๑
28.7.2016,+28,748,+21,748,ว 2์/๑
29.7.2016,+29,746,+21,746,ว 3์/๑
30.7.2016,+31,747,+22,748,ว 3์/๑
31.7.2016,+32,749,+25,749,ว 2์/๑
1.8.2016,+21,751,+21,752,ัว 2์/๑
2.8.2016,+31,751,+22,750,ว 2์/๑
3.8.2016,+33,749,+28,749,ว 2์/๑
4.8.2016,+33,749,+25,751,ว 1์/๑
5.8.2016,+31,752,+25,753,ัว 2์/๑
6.8.2016,+30,755,+25,755,ย 1์/๑
7.8.2016,+31,753,+21,752,ย 1์/๑
8.8.2016,+34,749,+27,749,ย 1์/๑
9.8.2016,+26,750,+24,750,ัว 2์/๑
10.8.2016,+29,749,+26,748,ัย 3์/๑
11.8.2016,+30,747,+24,747,ย 3์/๑
12.8.2016,+33,749,+27,749,ัว 1์/๑
13.8.2016,+34,749,+31,749,ว 3์/๑
14.8.2016,+36,748,+30,748,ย 2์/๑
15.8.2016,+30,746,+22,749,ว 2์/๑
16.8.2016,+26,753,+19,754,ว 2์/๑
17.8.2016,+33,752,+29,751,ย 2์/๑
18.8.2016,+35,752,+29,753,ย 2์/๑
19.8.2016,+34,753,+29,753,ย 2์/๑
20.8.2016,+36,754,+29,755,ย 2์/๑
21.8.2016,+29,756,+27,756,ย 3์/๑
22.8.2016,+29,757,+25,757,ย 1์/๑
23.8.2016,+32,757,+24,756,ัว 1์/๑
24.8.2016,+33,753,+23,752,ว 2์/๑
25.8.2016,+33,749,+21,749, 2์/๑
26.8.2016,+24,749,+20,749,ว 1์/๑
27.8.2016,+22,751,+19,752,ัว 2์/๑
28.8.2016,+28,746,+23,746,ว 3์/๑
29.8.2016,+20,752,+15,754,ัว 3์/๑
30.8.2016,+22,754,+20,752,ว 2์/๑
31.8.2016,+27,747,+22,746,ว 3์/๑
1.9.2016,+14,742,+11,741,ัย 1์/๑
2.9.2016,+14,738,+13,742,ั 2์/๑
3.9.2016,+17,744,+15,746,ว 3์/๑
4.9.2016,+22,746,+14,747,ัว 2์/๑
5.9.2016,+20,749,+21,747,ว 2์/๑
6.9.2016,+20,748,+16,749,ว 2์/๑
7.9.2016,+17,746,+12,745,ว 3์/๑
8.9.2016,+14,739,+13,737,ว 2์/๑
9.9.2016,+14,741,+12,744,ัว 3์/๑
10.9.2016,+14,747,+12,748,ว 2์/๑
11.9.2016,+14,748,+10,749,ัว 2์/๑
12.9.2016,+12,750,+11,749,ว 2์/๑
13.9.2016,+17,737,+12,739,ัว 3์/๑
14.9.2016,+12,740,+9,742,ัว 3์/๑
15.9.2016,+11,741,+9,741,ุ
16.9.2016,+13,743,+10,744,ว 2์/๑
17.9.2016,+11,742,+10,743,ย 1์/๑
18.9.2016,+14,743,+10,743,ว 3์/๑
19.9.2016,+10,745,+10,746,ว 2์/๑
20.9.2016,+12,749,+10,749,ว 2์/๑
21.9.2016,+10,746,+12,745,ย 4์/๑
22.9.2016,+19,746,+13,749,ว 2์/๑
23.9.2016,+14,753,+13,752,ัว 2์/๑
24.9.2016,+20,749,+17,749,ย 3์/๑
25.9.2016,+21,748,+14,749,ย 3์/๑
26.9.2016,+15,750,+12,749,ว 1์/๑
27.9.2016,+10,747,+10,746,ย 2์/๑
28.9.2016,+13,743,+10,744,ัย 1์/๑
29.9.2016,+12,744,+10,746,ว 1์/๑
30.9.2016,+13,749,+10,751,ั 1์/๑
1.10.2016,+11,749,+12,751,ว 3์/๑
2.10.2016,+19,756,+13,758,ว 2์/๑
3.10.2016,+17,757,+16,756,ุ
4.10.2016,+19,755,+13,755,ว 2์/๑
5.10.2016,+21,756,+13,756,ย 2์/๑
6.10.2016,+12,758,+9,758,ย 2์/๑
7.10.2016,+16,755,+13,755,ย 3์/๑
8.10.2016,+18,753,+13,755,ย 2์/๑
9.10.2016,+11,755,+7,755,ย 2์/๑
10.10.2016,+7,755,+2,756,ัย 3์/๑
11.10.2016,+5,755,+3,757,ัย 2์/๑
12.10.2016,+7,758,+3,758,ัว 2์/๑
13.10.2016,+4,755,+3,754,ว 2์/๑
14.10.2016,+2,753,+2,754, 1์/๑
15.10.2016,+5,755,+4,755,ั 2์/๑
16.10.2016,+2,758,+2,760,ัย 3์/๑
17.10.2016,+4,761,+3,760,ั 1์/๑
18.10.2016,+4,757,+4,758,ว 3์/๑
19.10.2016,+6,759,+4,759,ัว 1์/๑
20.10.2016,+6,761,+3,762,ัว 2์/๑
21.10.2016,+3,765,0,767,ัย 2์/๑
22.10.2016,+3,769,+1,769,ัย 2์/๑
23.10.2016,+1,772,-1,773,ย 2์/๑
24.10.2016,+2,774,+1,773,ั 1์/๑
25.10.2016,+1,772,0,771,ัย 1์/๑
26.10.2016,0,770,-1,769, 1์/๑
27.10.2016,+3,767,+2,765,ย 2์/๑
28.10.2016,+3,761,-1,759,ัย 1์/๑
29.10.2016,-1,752,-1,750,ั 1์/๑
30.10.2016,0,745,0,745,ย 2์/๑
31.10.2016,0,737,-2,740,ัย 2์/๑
1.11.2016,-2,746,-4,748,ัว 2์/๑
2.11.2016,-4,751,-6,753,ั 1์/๑
3.11.2016,-4,755,-5,755,ย 2์/๑
4.11.2016,0,746,+1,747,ว 2์/๑
5.11.2016,+1,748,-2,748,ว 2์/๑
6.11.2016,-1,753,-2,755,ว 3์/๑
7.11.2016,-2,752,+1,750,ย 4์/๑
8.11.2016,+7,747,+7,749,ว 2์/๑
9.11.2016,+2,752,+2,752,ย 2์/๑
10.11.2016,+1,752,0,753,ย 3์/๑
11.11.2016,+6,748,+7,749,ย 2์/๑
12.11.2016,+2,752,+1,752,ว 3์/๑
13.11.2016,-2,755,-3,757,ว 2์/๑
14.11.2016,-2,759,-4,759,ย 1์/๑
15.11.2016,-6,761,-9,762,ัย 1์/๑
16.11.2016,-7,761,-9,762,ย 1์/๑
17.11.2016,-6,763,-8,764,ย 1์/๑
18.11.2016,-6,765,-9,767,ย 1์/๑
19.11.2016,-8,773,-10,775,ย 2์/๑
20.11.2016,-11,780,-13,781,ย 2์/๑
21.11.2016,-9,779,-11,778,ว 2์/๑
22.11.2016,-5,774,-8,773,ว 2์/๑
23.11.2016,-3,767,-6,765,ว 4์/๑
24.11.2016,-1,757,-4,755,ว 4์/๑
25.11.2016,-2,747,-2,746,ว 3์/๑
26.11.2016,-2,740,-2,743,ว 3์/๑
27.11.2016,-2,738,-1,740,ว 3์/๑
28.11.2016,+2,740,+4,738, 2์/๑
29.11.2016,0,745,-1,746,ว 3์/๑
30.11.2016,-8,749,-10,749,ว 3์/๑
1.12.2016,-9,752,-11,753, 1์/๑
2.12.2016,-9,752,-9,749,ย 2์/๑
3.12.2016,-7,738,-9,740,ั 1์/๑
4.12.2016,-9,747,-11,749,ัว 3์/๑
5.12.2016,-10,749,-11,748,ว 1์/๑
6.12.2016,-6,738,-4,739,ว 3์/๑
7.12.2016,-15,745,-18,747,ัว 3์/๑
8.12.2016,-16,746,-13,742, 2์/๑
9.12.2016,-7,737,-6,737,ว 1์/๑
10.12.2016,-5,730,-4,730,ว 2์/๑
11.12.2016,-11,737,-15,740,ัว 3์/๑
12.12.2016,-15,743,-16,743,ว 1์/๑
13.12.2016,-15,746,-17,749,ัว 2์/๑
14.12.2016,-18,751,-19,752,ว 2์/๑
15.12.2016,-18,751,-20,752,ว 1์/๑
16.12.2016,-21,757,-23,758,ั 2์/๑
17.12.2016,-19,755,-16,752,ว 3์/๑
18.12.2016,-9,746,-7,746,ว 3์/๑
19.12.2016,-2,743,-3,743,ว 2์/๑
20.12.2016,-21,758,-25,760,ั 1์/๑
21.12.2016,-15,751,-10,748,ว 3์/๑
22.12.2016,-19,758,-19,761,ัย 2์/๑
23.12.2016,-12,758,-9,757, 1์/๑
24.12.2016,-7,752,-7,752,ว 2์/๑
25.12.2016,-8,753,-8,753,ย 1์/๑
26.12.2016,-7,752,-7,750,ว 1์/๑
27.12.2016,-4,746,-5,746,ว 4์/๑
28.12.2016,-3,749,-3,751,ว 2์/๑
29.12.2016,-2,757,-3,758,ว 2์/๑
30.12.2016,-5,755,-5,754,ว 1์/๑
31.12.2016,-4,747,-3,744,ว 5์/๑
1.1.2017,-4,740,-4,740,ว 2์/๑
2.1.2017,-3,736,-2,735,ว 2์/๑
3.1.2017,0,734,0,735,ว 3์/๑
4.1.2017,-5,741,-9,746,ัว 2์/๑
5.1.2017,-6,749,-3,747,ย 3์/๑
6.1.2017,-1,752,-3,754,ว 1์/๑
7.1.2017,-3,753,-3,751,ย 3์/๑
8.1.2017,-7,754,-8,755,ัย 1์/๑
9.1.2017,-10,755,-10,754,ัว 1์/๑
10.1.2017,-9,754,-9,755,ว 1์/๑
11.1.2017,-7,755,-7,755,ว 3์/๑
12.1.2017,-11,755,-13,755,ว 2์/๑
13.1.2017,-7,755,-8,756,ย 2์/๑
14.1.2017,-12,760,-14,761,ย 1์/๑
15.1.2017,-14,762,-18,762,ย 2์/๑
16.1.2017,-14,763,-15,763,ย 2์/๑
17.1.2017,-12,762,-14,761,ย 1์/๑
18.1.2017,-14,760,-13,760,ว 2์/๑
19.1.2017,-9,756,-9,753,ว 2์/๑
20.1.2017,-8,741,-5,741,ว 3์/๑
21.1.2017,-9,740,-9,739,ว 3์/๑
22.1.2017,-8,742,-9,742,ัว 3์/๑
23.1.2017,-7,747,-9,747,ว 3์/๑
24.1.2017,-1,740,-2,741,ว 3์/๑
25.1.2017,-6,745,-12,747,ัย 2์/๑
26.1.2017,-17,748,-19,747,ัว 3์/๑
27.1.2017,-16,749,-16,749,ว 1์/๑
28.1.2017,-19,755,-22,759,ย 3์/๑
29.1.2017,-15,764,-20,765,ย 1์/๑
30.1.2017,-12,763,-16,761,ว 2์/๑
31.1.2017,-10,755,-17,754,ว 1์/๑
1.2.2017,-11,746,-12,744,ว 2์/๑
2.2.2017,-8,743,-9,746,ัว 3์/๑
3.2.2017,-11,752,-13,754,ัว 3์/๑
4.2.2017,-13,758,-16,757,ว 1์/๑
5.2.2017,-12,746,-11,743,ย 5์/๑
6.2.2017,-16,751,-21,753,ัว 3์/๑
7.2.2017,-16,756,-21,757,ัว 2์/๑
8.2.2017,-15,758,-16,760,ัว 4์/๑
9.2.2017,-12,760,-21,761,ั 2์/๑
10.2.2017,-7,755,-8,755,ว 2์/๑
11.2.2017,-11,759,-15,760,ัว 1์/๑
12.2.2017,-10,761,-12,761,ว 2์/๑
13.2.2017,-8,761,-11,758,ว 2์/๑
14.2.2017,-7,746,-9,746, 3์/๑
15.2.2017,-8,746,-9,747,ย 3์/๑
16.2.2017,-8,752,-12,755,ั 2์/๑
17.2.2017,-6,755,-14,755,ย 1์/๑
18.2.2017,-11,746,-8,745,ว 3์/๑
19.2.2017,+2,746,-2,749,ัว 3์/๑
20.2.2017,+1,743,+1,743,ว 5์/๑
21.2.2017,+2,740,+1,740,ว 3์/๑
22.2.2017,+1,741,0,740,ย 3์/๑
23.2.2017,+1,740,0,739, 3์/๑
24.2.2017,+2,738,+1,740,ว 1์/๑
25.2.2017,+2,738,+1,737,ว 2์/๑
26.2.2017,0,743,-3,744,ว 3์/๑
27.2.2017,-2,745,0,746,ว 3์/๑
28.2.2017,+1,752,-2,755,ัว 2์/๑
1.3.2017,+1,758,-3,758, 1์/๑
2.3.2017,-2,758,-3,757,ย 3์/๑
3.3.2017,+1,752,0,752,ย 3์/๑
4.3.2017,+1,752,0,754, 3์/๑
5.3.2017,+4,758,-1,758, 2์/๑
6.3.2017,+5,756,+1,757,ว 3์/๑
7.3.2017,+1,761,-2,762, 2์/๑
8.3.2017,-3,765,-3,766,ย 1์/๑
9.3.2017,-3,766,-5,766,ย 2์/๑
10.3.2017,-5,765,-6,764,ย 2์/๑
11.3.2017,-2,764,-7,763,ย 2์/๑
12.3.2017,-2,762,-6,762,ย 1์/๑
13.3.2017,+1,760,-4,759,ว 2์/๑
14.3.2017,+3,758,-7,758,ว 1์/๑
15.3.2017,-1,757,-4,755,ย 2์/๑
16.3.2017,0,754,-4,754,ย 4์/๑
17.3.2017,-2,755,-3,754,ย 4์/๑
18.3.2017,-4,752,-5,752,ย 2์/๑
19.3.2017,-4,752,-5,752,ย 3์/๑
20.3.2017,0,752,-4,752,ย 3์/๑
21.3.2017,+2,752,0,752,ย 4์/๑
22.3.2017,+2,754,0,755,ย 4์/๑
23.3.2017,+1,755,0,754, 1์/๑
24.3.2017,+5,754,+2,753,ว 3์/๑
25.3.2017,+3,740,+1,742,ว 3์/๑
26.3.2017,+2,746,+1,746,ว 3์/๑
27.3.2017,+3,739,+1,737, 3์/๑
28.3.2017,+3,733,+1,733,ว 3์/๑
29.3.2017,-1,735,-3,739,ัว 7์/๑
30.3.2017,-1,745,-3,747,ัว 1์/๑
31.3.2017,-2,755,-4,756,ัว 3์/๑
1.4.2017,0,755,-2,755,ว 4์/๑
2.4.2017,0,753,0,750,ว 2์/๑
3.4.2017,+3,751,+1,753,ัย 2์/๑
4.4.2017,+2,761,-3,761,ัย 2์/๑
5.4.2017,+4,759,+3,757,ว 3์/๑
6.4.2017,+7,754,+3,753,ว 2์/๑
7.4.2017,+9,750,+7,750,ย 2์/๑
8.4.2017,+8,748,+7,747,ย 3์/๑
9.4.2017,+14,747,+6,750,ว 1์/๑
10.4.2017,+7,751,+4,751,ัว 2์/๑
11.4.2017,+14,749,+9,748,ว 3์/๑
12.4.2017,+16,744,+13,742,ว 3์/๑
13.4.2017,+10,749,+8,749,ว 3์/๑
14.4.2017,+15,742,+9,739, 2์/๑
15.4.2017,+8,735,+3,738,ว 4์/๑
16.4.2017,+10,744,+9,745,ว 4์/๑
17.4.2017,+14,746,+9,748,ว 3์/๑
18.4.2017,+4,753,+2,753,ั 1์/๑
19.4.2017,+5,749,+2,748,ัย 3์/๑
20.4.2017,+2,744,0,748,ว 4์/๑
21.4.2017,+6,750,+4,749,ัว 3์/๑
22.4.2017,0,740,0,737,ย 4์/๑
23.4.2017,+13,744,+10,745,ว 3์/๑
24.4.2017,+9,734,+7,736,ย 2์/๑
25.4.2017,+11,749,+7,752,ว 3์/๑
26.4.2017,+13,757,+11,758,ว 2์/๑
27.4.2017,+17,758,+14,758,ว 6์/๑
28.4.2017,+20,758,+17,758,ว 4์/๑
29.4.2017,+23,759,+19,759,ว 3์/๑
30.4.2017,+25,761,+17,760,ว 3์/๑
1.5.2017,+26,760,+21,759,ย 3์/๑
2.5.2017,+25,757,+19,755, 3์/๑
3.5.2017,+27,749,+18,749,ว 4์/๑
4.5.2017,+17,750,+11,751,ั 3์/๑
5.5.2017,+10,749,+7,748,ัว 4์/๑
6.5.2017,+17,740,+14,740,ว 4์/๑
7.5.2017,+13,744,+9,746,ัย 2์/๑
8.5.2017,+24,742,+20,740,ว 2์/๑
9.5.2017,+24,734,+17,735,ว 3์/๑
10.5.2017,+13,743,+10,741,ว 2์/๑
11.5.2017,+10,744,+6,748,ว 3์/๑
12.5.2017,+14,749,+4,749,ว 4์/๑
13.5.2017,+12,754,+9,754,ว 3์/๑
14.5.2017,+14,754,+11,754,ว 3์/๑
15.5.2017,+14,757,+10,758,ั 2์/๑
16.5.2017,+16,756,+12,755, 2์/๑
17.5.2017,+16,755,+14,754,ย 2์/๑
18.5.2017,+20,754,+16,753, 1์/๑
19.5.2017,+18,752,+16,752,ว 2์/๑
20.5.2017,+23,746,+21,744,ย 2์/๑
21.5.2017,+14,737,+13,737,ัว 2์/๑
22.5.2017,+12,741,+10,742,ัย 2์/๑
23.5.2017,+13,746,+9,748,ัว 3์/๑
24.5.2017,+20,750,+18,750,ว 3์/๑
25.5.2017,+25,750,+21,750,ว 3์/๑
26.5.2017,+23,748,+18,747, 2์/๑
27.5.2017,+24,742,+15,743,ว 4์/๑
28.5.2017,+12,744,+3,745,ัย 2์/๑
29.5.2017,+10,749,+10,746,ว 3์/๑
30.5.2017,+19,742,+16,743,ว 3์/๑
31.5.2017,+20,746,+16,746,ัว 1์/๑
1.6.2017,+27,737,+17,739,ว 4์/๑
2.6.2017,+23,737,+17,738,ว 2์/๑
3.6.2017,+7,735,+6,738,ัว 4์/๑
4.6.2017,+13,745,+9,747,ว 5์/๑
5.6.2017,+13,751,+8,752,ว 1์/๑
6.6.2017,+19,747,+18,747,ว 3์/๑
7.6.2017,+16,748,+13,748,ั 2์/๑
8.6.2017,+17,746,+13,746,ัว 3์/๑
9.6.2017,+18,749,+14,749,ัว 2์/๑
10.6.2017,+24,749,+15,748,ว 2์/๑
11.6.2017,+18,746,+17,744,ัว 2์/๑
12.6.2017,+21,742,+18,742,ว 2์/๑
13.6.2017,+25,741,+21,740,ว 4์/๑
14.6.2017,+22,738,+20,739,ว 3์/๑
15.6.2017,+20,741,+17,741, 2์/๑
16.6.2017,+16,740,+18,741,ว 2์/๑
17.6.2017,+20,741,+14,741,ว 2์/๑
18.6.2017,+15,741,+16,742,ัว 1์/๑
19.6.2017,+22,740,+17,740,ว 2์/๑
20.6.2017,+19,739,+17,740,ว 2์/๑
21.6.2017,+25,739,+21,738,ว 2์/๑
22.6.2017,+22,740,+16,742,ว 4์/๑
23.6.2017,+15,744,+15,743,ว 1์/๑
24.6.2017,+13,740,+13,737,ย 2์/๑
25.6.2017,+21,744,+17,746,ว 4์/๑
26.6.2017,+25,746,+22,746,ว 2์/๑
27.6.2017,+25,745,+19,745,ว 2์/๑
28.6.2017,+26,746,+21,746,ว 3์/๑
29.6.2017,+24,748,+17,748,ว 2์/๑
30.6.2017,+25,749,+18,749,ัว 2์/๑
1.7.2017,+21,743,+24,741,ย 2์/๑
2.7.2017,+31,738,+25,739,ว 3์/๑
3.7.2017,+23,742,+21,741,ว 3์/๑
4.7.2017,+26,743,+22,743,ว 2์/๑
5.7.2017,+24,731,+17,732,ว 7์/๑
6.7.2017,+18,737,+16,739,ว 5์/๑
7.7.2017,+21,743,+16,743,ว 3์/๑
8.7.2017,+20,743,+17,743,ว 3์/๑
9.7.2017,+19,743,+15,744,ว 3์/๑
10.7.2017,+21,745,+18,745,ว 3์/๑
11.7.2017,+19,746,+17,746,ัย 1์/๑
12.7.2017,+21,749,+20,749,ัย 2์/๑
13.7.2017,+24,749,+21,749,ย 1์/๑
14.7.2017,+27,750,+22,750,ย 2์/๑
15.7.2017,+29,751,+24,751,ย 1์/๑
16.7.2017,+30,752,+21,752,ัว 2์/๑
17.7.2017,+31,751,+26,749,ว 2์/๑
18.7.2017,+26,749,+22,749,ว 2์/๑
19.7.2017,+25,749,+22,749,ัว 3์/๑
20.7.2017,+26,748,+23,748,ัย 2์/๑
21.7.2017,+23,747,+19,747,ย 2์/๑
22.7.2017,+25,748,+18,748,ัว 3์/๑
23.7.2017,+26,745,+22,744,ว 2์/๑
24.7.2017,+22,746,+16,746,ัว 3์/๑
25.7.2017,+25,745,+17,745,ว 3์/๑
26.7.2017,+25,745,+20,745,ว 3์/๑
27.7.2017,+27,747,+19,747,ว 1์/๑
28.7.2017,+32,747,+24,748,ว 2์/๑
29.7.2017,+35,749,+28,748,ว 2์/๑
30.7.2017,+32,745,+29,743,ย 2์/๑
31.7.2017,+28,744,+24,744,ว 2์/๑
1.8.2017,+27,746,+23,747,ัว 3์/๑
2.8.2017,+27,749,+22,749,ัว 3์/๑
3.8.2017,+27,748,+25,746,ว 2์/๑
4.8.2017,+28,745,+24,745,ว 2์/๑
5.8.2017,+31,742,+25,743,ว 3์/๑
6.8.2017,+27,748,+22,749,ว 4์/๑
7.8.2017,+28,752,+23,750,ั 2์/๑
8.8.2017,+28,748,+20,751,ั 3์/๑
9.8.2017,+25,752,+20,752,ั 2์/๑
10.8.2017,+23,754,+17,754,ั 2์/๑
11.8.2017,+25,752,+22,749,ว 2์/๑
12.8.2017,+26,746,+21,748,ว 3์/๑
13.8.2017,+23,750,+19,751,ัย 2์/๑
14.8.2017,+22,752,+18,752,ัย 2์/๑
15.8.2017,+25,753,+17,754,ัย 1์/๑
16.8.2017,+26,756,+21,756,ั 1์/๑
17.8.2017,+26,757,+21,757,ั 1์/๑
18.8.2017,+25,757,+21,756,ัย 2์/๑
19.8.2017,+26,756,+21,757,ั 2์/๑
20.8.2017,+27,757,+17,757,ว 2์/๑
21.8.2017,+28,755,+25,754,ัว 1์/๑
22.8.2017,+30,753,+24,753,ย 3์/๑
23.8.2017,+33,753,+26,752,ย 3์/๑
24.8.2017,+30,751,+25,750,ย 2์/๑
25.8.2017,+24,751,+22,751, 1์/๑
26.8.2017,+24,749,+16,749,ว 3์/๑
27.8.2017,+24,746,+17,747,ว 3์/๑
28.8.2017,+23,747,+19,746,ว 1์/๑
29.8.2017,+27,744,+22,745,ว 1์/๑
30.8.2017,+26,746,+19,748,ัย 3์/๑
31.8.2017,+25,750,+20,751,ั 2์/๑
1.9.2017,+27,750,+22,749,ัย 3์/๑
2.9.2017,+28,746,+22,745,ย 1์/๑
3.9.2017,+23,743,+15,743,ว 3์/๑
4.9.2017,+20,746,+13,748,ัว 3์/๑
5.9.2017,+13,751,+12,752,ัย 1์/๑
6.9.2017,+14,750,+13,750,ย 1์/๑
7.9.2017,+27,746,+21,744,ย 3์/๑
8.9.2017,+16,741,+15,743,ัว 2์/๑
9.9.2017,+14,744,+13,744,ว 2์/๑
10.9.2017,+15,748,+12,750,ัว 3์/๑
11.9.2017,+13,755,+12,754,ัว 1์/๑
12.9.2017,+24,751,+18,751,ว 3์/๑
13.9.2017,+27,750,+21,749,ว 2์/๑
14.9.2017,+28,743,+19,746,ว 2์/๑
15.9.2017,+25,749,+21,749,ว 2์/๑
16.9.2017,+24,751,+16,752,ว 2์/๑
17.9.2017,+21,755,+12,755,ัว 2์/๑
18.9.2017,+24,752,+20,751,ว 1์/๑
19.9.2017,+30,749,+25,750,ว 3์/๑
20.9.2017,+21,754,+15,755,ั 1์/๑
21.9.2017,+18,756,+13,758,ัย 2์/๑
22.9.2017,+12,761,+9,762,ัย 3์/๑
23.9.2017,+16,764,+8,763,ัย 2์/๑
24.9.2017,+12,763,+6,764,ัย 2์/๑
25.9.2017,+8,762,+7,761,ั 1์/๑
26.9.2017,+8,759,+7,760,ว 2์/๑
27.9.2017,+9,762,+6,764,ัย 2์/๑
28.9.2017,+9,764,+7,763,ั 1์/๑
29.9.2017,+8,757,+5,755,ว 2์/๑
30.9.2017,+7,752,+6,752, 1์/๑
1.10.2017,+7,755,+6,755,ัย 3์/๑
2.10.2017,+7,756,+2,757,ั 2์/๑
3.10.2017,+8,757,+7,757,ัว 2์/๑
4.10.2017,+4,758,+4,758,ว 2์/๑
5.10.2017,+12,754,+9,752, 1์/๑
6.10.2017,+12,749,+13,749,ย 2์/๑
7.10.2017,+11,752,+10,752,ย 2์/๑
8.10.2017,+15,755,+10,755,ย 1์/๑
9.10.2017,+17,755,+9,755,ย 2์/๑
10.10.2017,+17,752,+11,752,ย 2์/๑
11.10.2017,+11,752,+7,752,ว 1์/๑
12.10.2017,+12,752,+6,751, 1์/๑
13.10.2017,+11,749,+10,748,ย 1์/๑
14.10.2017,+10,745,+10,743,ย 2์/๑
15.10.2017,+9,740,+7,739,ย 2์/๑
16.10.2017,+7,737,+7,740,ย 1์/๑
17.10.2017,+9,742,+8,743,ัว 2์/๑
18.10.2017,+8,745,+8,743,ว 3์/๑
19.10.2017,+13,743,+6,747,ัว 3์/๑
20.10.2017,+6,749,+4,750,ัว 2์/๑
21.10.2017,+2,749,-1,749,ั 1์/๑
22.10.2017,+3,748,+1,749,ั 1์/๑
23.10.2017,+2,751,-1,752,ว 2์/๑
24.10.2017,+1,758,-1,761,ัว 1์/๑
25.10.2017,+1,763,-2,763,ย 2์/๑
26.10.2017,-1,755,-2,753,ย 2์/๑
27.10.2017,-1,748,-2,748,ว 1์/๑
28.10.2017,0,745,-1,746,ย 1์/๑
29.10.2017,+6,737,+8,737, 4์/๑
30.10.2017,+7,737,+6,728,ย 2์/๑
31.10.2017,+4,731,+4,731, 3์/๑
1.11.2017,+3,735,+2,739,ว 4์/๑
2.11.2017,+2,742,+1,743,ว 2์/๑
3.11.2017,+2,747,+1,749,ว 2์/๑
4.11.2017,+2,749,+2,752,ว 3์/๑
5.11.2017,+1,756,+1,757,ั 1์/๑
6.11.2017,+1,759,+2,761,ว 2์/๑
7.11.2017,+2,761,+1,759,ว 2์/๑
8.11.2017,+3,756,+2,757,ัว 2์/๑
9.11.2017,+2,760,0,760,ัว 1์/๑
10.11.2017,-1,758,-1,758,ว 1์/๑
11.11.2017,+2,756,+1,755,ย 2์/๑
12.11.2017,+2,752,+2,751,ย 1์/๑
13.11.2017,+6,747,+4,749, 3์/๑
14.11.2017,+2,754,+2,752,ว 1์/๑
16.11.2017,+2,753,+1,750,ว 2์/๑
17.11.2017,+2,753,+1,755,ว 2์/๑
18.11.2017,+2,755,+1,756,ว 2์/๑
19.11.2017,+1,755,+1,754,ย 2์/๑
20.11.2017,+4,752,+1,752,ย 2์/๑
21.11.2017,+3,746,0,745,ย 2์/๑
22.11.2017,+5,740,+3,740,ย 4์/๑
23.11.2017,+4,744,+3,748,ว 2์/๑
24.11.2017,+1,749,+3,749,ั 1์/๑
25.11.2017,-2,756,,,
28.11.2017,-1,761,-1,761,ว 1์/๑
29.11.2017,-2,761,-2,762,ย 1์/๑
30.11.2017,-2,764,-2,765,ย 2์/๑
1.12.2017,-3,767,-4,767,ุ
2.12.2017,-5,767,-6,767, 1์/๑
3.12.2017,-5,763,-5,762, 3์/๑
4.12.2017,-3,756,-3,753, 3์/๑
5.12.2017,-4,750,-4,749,ย 2์/๑
6.12.2017,-5,747,-4,746,ย 2์/๑
7.12.2017,-4,742,-5,743,ย 1์/๑
8.12.2017,-4,746,-4,748,ัย 1์/๑
9.12.2017,-6,752,-7,753,ว 2์/๑
10.12.2017,-6,756,-7,757,ย 2์/๑
11.12.2017,-3,758,-3,758,ย 2์/๑
12.12.2017,-4,758,-4,758,ย 3์/๑
13.12.2017,,,-5,758,ุ
14.12.2017,-5,760,-7,761,ย 2์/๑
15.12.2017,-9,761,-10,761,ย 3์/๑
16.12.2017,-10,763,-11,764,ย 2์/๑
17.12.2017,-10,763,-12,762,ย 3์/๑
18.12.2017,-11,764,-13,763,ย 3์/๑
19.12.2017,-12,762,-12,762,ย 2์/๑
20.12.2017,-9,762,-9,763,ว 1์/๑
21.12.2017,-5,762,-6,761,ย 1์/๑
22.12.2017,-8,753,-7,750,ย 2์/๑
23.12.2017,-6,748,-6,747,ว 2์/๑
24.12.2017,-6,737,-6,733, 2์/๑
25.12.2017,-5,726,-3,729,ว 1์/๑
26.12.2017,-7,745,-8,745,ว 2์/๑
27.12.2017,+2,749,+2,749,ว 3์/๑
28.12.2017,+2,752,+1,753,ว 2์/๑
29.12.2017,+1,758,0,759, 1์/๑
30.12.2017,+1,758,0,757,ย 2์/๑
31.12.2017,-5,753,-4,752,ย 3์/๑
1.1.2018,-5,752,-5,753,ย 1์/๑
2.1.2018,-3,755,-3,756, 1์/๑
3.1.2018,-2,757,-3,757,ย 1์/๑
4.1.2018,-7,756,-9,756,ย 3์/๑
5.1.2018,-10,757,-12,757,ย 2์/๑
6.1.2018,-9,756,-8,756,ย 2์/๑
7.1.2018,-6,752,-4,749,ว 2์/๑
8.1.2018,-4,747,-6,747,ว 2์/๑
9.1.2018,-5,746,-7,747,ว 2์/๑
10.1.2018,-6,749,-7,749,ว 2์/๑
11.1.2018,-4,752,-6,754,ว 2์/๑
12.1.2018,-7,760,-15,764,ัย 2์/๑
13.1.2018,-15,766,-19,766,ั 1์/๑
14.1.2018,-14,763,-13,764,ว 1์/๑
15.1.2018,-9,766,-9,765,ว 1์/๑
16.1.2018,-7,761,-8,758,ัว 2์/๑
17.1.2018,-9,755,-9,755,ย 1์/๑
18.1.2018,-13,758,-14,758,ย 1์/๑
19.1.2018,-16,758,-17,759,ย 3์/๑
20.1.2018,-12,757,-12,757,ย 4์/๑
21.1.2018,-9,755,-9,754,ย 3์/๑
22.1.2018,-7,755,-9,756,ย 2์/๑
23.1.2018,-8,755,-9,755,ย 4์/๑
24.1.2018,-11,759,-9,761,ย 3์/๑
25.1.2018,-11,767,-10,769,ย 2์/๑
26.1.2018,-13,773,-14,774,ย 2์/๑
27.1.2018,-14,776,-16,776,ย 2์/๑
28.1.2018,-14,770,-16,769, 2์/๑
29.1.2018,-12,763,-14,761,ย 3์/๑
30.1.2018,-10,758,-12,755,ย 4์/๑
31.1.2018,-14,745,-14,744,ย 5์/๑
1.2.2018,-6,747,-6,750,ย 1์/๑
2.2.2018,-6,756,-7,756,ว 1์/๑
3.2.2018,-6,757,-7,757, 2์/๑
4.2.2018,-4,754,-3,752,ย 3์/๑
5.2.2018,-5,750,-6,753,ย 4์/๑
6.2.2018,-6,761,-6,763,ย 2์/๑
7.2.2018,-5,770,-6,770,ย 3์/๑
8.2.2018,-7,767,-9,767,ย 2์/๑
9.2.2018,-7,765,-9,764,ย 2์/๑
10.2.2018,-5,762,-9,761,ย 2์/๑
11.2.2018,-5,757,-8,756,ั 1์/๑
12.2.2018,-7,755,-9,755,ัว 2์/๑
13.2.2018,-8,757,-13,758,ัว 1์/๑
14.2.2018,-8,762,-16,763,ว 1์/๑
15.2.2018,-7,767,-13,768,ว 1์/๑
16.2.2018,-6,769,-10,769,ย 2์/๑
17.2.2018,-7,766,-10,765,ย 1์/๑
18.2.2018,-6,761,-7,758,ย 4์/๑
19.2.2018,-8,755,-8,753,ย 2์/๑
20.2.2018,-5,749,-8,749,ว 2์/๑
21.2.2018,-6,751,-11,752,ว 2์/๑
22.2.2018,-10,754,-15,755,ว 1์/๑
23.2.2018,-11,756,-18,756,ุ
24.2.2018,-12,756,-14,755,ย 2์/๑
25.2.2018,-9,752,-12,752,ั 3์/๑
26.2.2018,-12,750,-14,750,ัว 1์/๑
27.2.2018,-12,757,-18,759,ั 3์/๑
28.2.2018,-15,761,-18,763,ั 2์/๑
1.3.2018,-11,763,-18,761,ัย 1์/๑
2.3.2018,-8,758,-14,757,ว 1์/๑
3.3.2018,-10,752,-12,749,ย 1์/๑
4.3.2018,-7,743,-6,740,ย 4์/๑
5.3.2018,-5,734,-11,737,ว 4์/๑
6.3.2018,-9,746,-13,749,ัว 3์/๑
7.3.2018,-8,755,-12,754,ว 2์/๑
8.3.2018,-8,748,-10,748,ย 4์/๑
9.3.2018,-4,751,-9,752,ัย 2์/๑
10.3.2018,-4,753,-10,755,ั 1์/๑
11.3.2018,-9,757,-11,758,ัย 2์/๑
12.3.2018,-7,761,-12,761, 1์/๑
13.3.2018,-8,760,-13,760,ว 3์/๑
14.3.2018,-7,758,-12,757,ว 2์/๑
15.3.2018,-5,752,-5,749, 4์/๑
16.3.2018,-2,744,0,744,ย 2์/๑
17.3.2018,-6,752,-8,750,ย 2์/๑
18.3.2018,-8,740,-14,746,ัว 4์/๑
19.3.2018,-10,754,-11,752,ว 2์/๑
20.3.2018,-1,749,-10,750,ว 1์/๑
21.3.2018,-4,745,-5,741,ย 2์/๑
22.3.2018,-3,737,-5,737,ัว 1์/๑
23.3.2018,+1,742,-4,743,ว 4์/๑
24.3.2018,0,743,-4,743,ว 2์/๑
25.3.2018,+1,746,-5,746,ว 1์/๑
26.3.2018,+2,748,-1,748,ว 3์/๑
27.3.2018,+2,746,-1,746,ว 3์/๑
28.3.2018,0,740,-2,744,ัว 2์/๑
29.3.2018,-1,752,-11,752,ั 2์/๑
30.3.2018,0,755,-6,756,ว 2์/๑
31.3.2018,-2,759,-4,758,ว 4์/๑
1.4.2018,-2,755,0,755,ว 3์/๑
2.4.2018,+5,756,0,755,ย 2์/๑
3.4.2018,+5,754,+3,752,ย 4์/๑
4.4.2018,+2,752,+1,751,ย 1์/๑
5.4.2018,+3,749,+3,749,ั 2์/๑
6.4.2018,+9,753,+1,754,ัว 2์/๑
7.4.2018,+4,749,+2,749,ว 3์/๑
8.4.2018,+5,752,+4,755,ัว 4์/๑
9.4.2018,+9,757,+4,757,ว 3์/๑
10.4.2018,+12,755,+9,753,ว 3์/๑
11.4.2018,+13,749,+1,749,ว 2์/๑
12.4.2018,+6,755,+1,755,ัว 3์/๑
13.4.2018,+7,752,+3,754,ว 2์/๑
14.4.2018,+8,758,+2,758,ัว 3์/๑
15.4.2018,+9,754,+6,752,ว 2์/๑
16.4.2018,+15,751,+7,751,ว 2์/๑
17.4.2018,+16,750,+10,750,ว 2์/๑
18.4.2018,+18,749,+12,747,ย 1์/๑
19.4.2018,+12,740,+9,740,ว 2์/๑
20.4.2018,+11,740,+6,742,ั 2์/๑
21.4.2018,+7,742,+6,740,ว 1์/๑
22.4.2018,+7,731,+4,735,ว 4์/๑
23.4.2018,+3,740,0,742,ว 3์/๑
24.4.2018,+5,745,+3,746,ว 3์/๑
25.4.2018,,,+8,749,ุ
26.4.2018,+8,744,+11,740, 2์/๑
27.4.2018,+15,748,+15,749,ว 4์/๑
28.4.2018,+15,737,+5,741, 2์/๑
29.4.2018,+15,749,+9,751,ว 3์/๑
30.4.2018,+16,751,+15,748,ว 3์/๑
1.5.2018,+19,752,+13,753,ั 2์/๑
2.5.2018,+27,752,+22,752,ว 4์/๑
3.5.2018,+27,751,+22,750,ว 3์/๑
4.5.2018,+20,754,+12,756,ัว 2์/๑
5.5.2018,+16,759,+13,758,ย 2์/๑
6.5.2018,+21,756,+17,754,ว 3์/๑
7.5.2018,+17,752,+15,751,ว 2์/๑
8.5.2018,+21,749,+14,748,ว 2์/๑
9.5.2018,+23,745,+14,747,ัว 3์/๑
10.5.2018,+12,747,+11,747,ัย 3์/๑
11.5.2018,+14,746,+14,746,ย 3์/๑
12.5.2018,+22,749,+14,750,ัว 2์/๑
13.5.2018,+23,754,+18,754,ัย 2์/๑
14.5.2018,+25,753,+17,752,ัว 2์/๑
15.5.2018,+26,751,+17,750,ัว 2์/๑
16.5.2018,+26,750,+21,751,ว 1์/๑
17.5.2018,+23,749,+20,749,ุ
18.5.2018,+27,748,+20,748,ว 1์/๑
19.5.2018,+24,746,+19,746,ว 2์/๑
20.5.2018,+25,749,+19,751,ว 3์/๑
21.5.2018,+18,755,+15,757,ั 2์/๑
22.5.2018,+22,760,+14,759,ัว 2์/๑
23.5.2018,+25,758,+17,756,ว 1์/๑
24.5.2018,+26,752,+21,749,ัย 2์/๑
25.5.2018,+15,749,+10,752,ั 2์/๑
26.5.2018,+13,758,+11,759,ั 3์/๑
27.5.2018,+19,755,+17,752,ว 3์/๑
28.5.2018,+15,752,+9,754,ัว 2์/๑
29.5.2018,+17,754,+16,751,ว 3์/๑
30.5.2018,+24,741,+13,740,ว 6์/๑
31.5.2018,+14,740,+7,743,ัว 2์/๑
1.6.2018,+7,746,+5,747,ั 1์/๑
2.6.2018,+13,746,+13,744,ว 4์/๑
3.6.2018,+17,744,+16,743,ุ
4.6.2018,+25,739,+22,739,ว 4์/๑
5.6.2018,+28,736,+25,735,ว 4์/๑
6.6.2018,+19,741,+13,744,ว 4์/๑
7.6.2018,+15,750,+11,752,ว 4์/๑
8.6.2018,+18,750,+17,747,ว 3์/๑
9.6.2018,+13,743,+11,744,ว 2์/๑
10.6.2018,+16,744,+11,745,ั 2์/๑
11.6.2018,+16,746,+10,747,ั 2์/๑
12.6.2018,+19,748,+15,746,ว 2์/๑
13.6.2018,+22,743,+17,742,ว 5์/๑
14.6.2018,+21,747,+16,748,ัว 3์/๑
15.6.2018,+19,749,+14,750,ัว 3์/๑
16.6.2018,+21,750,+16,750,ัว 2์/๑
17.6.2018,+24,748,+18,748,ัว 3์/๑
18.6.2018,+26,746,+21,746,ั 2์/๑
19.6.2018,+29,746,+20,745,ว 2์/๑
20.6.2018,+27,740,+18,743,ว 4์/๑
21.6.2018,+24,743,+20,743,ว 6์/๑
22.6.2018,+25,746,+20,747,ั 2์/๑
23.6.2018,+28,747,+25,748,ัว 2์/๑
24.6.2018,+31,749,+23,749,ัว 3์/๑
25.6.2018,+33,751,+25,751,ัย 1์/๑
26.6.2018,+32,751,+25,751,ัว 1์/๑
27.6.2018,+29,749,+25,749,ัว 2์/๑
28.6.2018,+28,747,+23,747,ัว 3์/๑
29.6.2018,+29,745,+25,745,ั 1์/๑
30.6.2018,+31,746,+26,747,ว 1์/๑
1.7.2018,+33,749,+29,749,ย 2์/๑
2.7.2018,+34,750,+30,749,ย 2์/๑
3.7.2018,+36,744,+29,743,ย 5์/๑
4.7.2018,+30,746,+26,744,ว 2์/๑
5.7.2018,+28,742,+23,743,ว 4์/๑
6.7.2018,+26,745,+20,745,ว 2์/๑
7.7.2018,+27,743,+24,742,ย 2์/๑
8.7.2018,+29,740,+21,741,ัว 2์/๑
9.7.2018,+27,743,+23,743,ว 4์/๑
10.7.2018,+26,746,+23,746,ว 2์/๑
11.7.2018,+27,746,+22,746,ว 3์/๑
12.7.2018,+27,746,+23,745,ว 2์/๑
13.7.2018,+25,744,+21,744,ัว 1์/๑
14.7.2018,+28,743,+24,743,ย 2์/๑
15.7.2018,+31,743,+27,744,ัย 1์/๑
16.7.2018,+28,744,+28,743,ย 2์/๑
17.7.2018,+19,742,+20,741,ย 3์/๑
18.7.2018,+23,741,+18,742,ย 2์/๑
19.7.2018,+30,743,+25,743,ย 1์/๑
20.7.2018,+29,743,+24,743,ว 2์/๑
21.7.2018,+19,744,+19,745,ย 3์/๑
22.7.2018,+22,747,+20,748,ย 3์/๑
23.7.2018,+23,749,+21,750,ย 4์/๑
24.7.2018,+28,752,+22,752,ย 2์/๑
25.7.2018,+31,753,+27,753,ย 2์/๑
26.7.2018,+33,755,+28,755,ย 2์/๑
27.7.2018,+32,755,+28,755,ย 2์/๑
28.7.2018,+32,752,+23,752, 1์/๑
29.7.2018,+27,751,+18,752,ั 2์/๑
30.7.2018,+19,752,+19,752,ั 2์/๑
31.7.2018,+26,753,+22,753,ย 3์/๑
1.8.2018,+29,752,+22,752,ัย 2์/๑
2.8.2018,+29,749,+23,749,ว 2์/๑
3.8.2018,+29,746,+22,745,ว 1์/๑
4.8.2018,+30,744,+25,744,ว 3์/๑
5.8.2018,+31,743,+22,743,ว 3์/๑
6.8.2018,+30,743,+25,743,ว 3์/๑
7.8.2018,+27,743,+22,743,ั 2์/๑
8.8.2018,+21,743,+18,746,ัว 2์/๑
9.8.2018,+19,751,+15,753,ัว 4์/๑
10.8.2018,+22,755,+14,754,ัว 3์/๑
11.8.2018,+29,751,+21,751,ัว 3์/๑
12.8.2018,+30,749,+20,748,ว 2์/๑
13.8.2018,+30,746,+25,745,ว 2์/๑
14.8.2018,+24,746,+15,749,ัว 3์/๑
15.8.2018,+25,752,+18,752,ัว 1์/๑
16.8.2018,+30,749,+24,749,ว 3์/๑
17.8.2018,+21,751,+18,752,ัย 3์/๑
18.8.2018,+20,752,+16,753,ั 3์/๑
19.8.2018,+20,752,+16,752,ั 1์/๑
20.8.2018,+23,750,+18,749,ว 2์/๑
21.8.2018,+29,747,+24,746,ว 3์/๑
22.8.2018,+17,744,+15,745,ัว 2์/๑
23.8.2018,+19,750,+14,752,ัว 3์/๑
24.8.2018,+23,751,+18,750,ว 4์/๑
25.8.2018,+23,749,+16,751,ั 2์/๑
26.8.2018,+23,752,+18,752,ัย 1์/๑
27.8.2018,+25,752,+15,752,ั 1์/๑
28.8.2018,+25,754,+15,755,ย 1์/๑
29.8.2018,+27,755,+18,756,ัว 1์/๑
30.8.2018,+29,756,+18,756,ว 2์/๑
31.8.2018,+29,756,+22,757,ว 2์/๑
1.9.2018,+29,758,+24,756,ย 2์/๑
2.9.2018,+25,755,+18,756,ว 2์/๑
3.9.2018,+23,756,+18,757,ัว 1์/๑
4.9.2018,+22,758,+18,757,ย 3์/๑
5.9.2018,+25,756,+20,755,ย 1์/๑
6.9.2018,+24,753,+18,753,ย 2์/๑
7.9.2018,+23,753,+19,754,ัย 3์/๑
8.9.2018,+23,755,+14,755,ว 2์/๑
9.9.2018,+25,754,+14,755,ว 2์/๑
10.9.2018,+23,755,+15,757,ั 1์/๑
11.9.2018,+21,758,+16,758,ย 2์/๑
12.9.2018,+23,756,+15,755,ย 2์/๑
13.9.2018,+24,752,+22,750,ว 2์/๑
14.9.2018,+18,753,+16,753,ย 1์/๑
15.9.2018,+23,752,+17,752,ย 2์/๑
16.9.2018,+26,749,+20,748,ย 2์/๑
17.9.2018,+19,745,,,
20.9.2018,+17,746,+13,746,ว 3์/๑
21.9.2018,+16,750,+14,752,ัว 2์/๑
22.9.2018,+22,753,+14,753,ว 1์/๑
23.9.2018,+24,751,+18,749, 3์/๑
24.9.2018,+17,746,+15,746,ย 2์/๑
25.9.2018,+19,746,+18,746, 2์/๑
26.9.2018,+12,752,+10,753,ว 2์/๑
27.9.2018,+11,747,+7,745,ว 3์/๑
28.9.2018,+14,746,+13,745,ว 3์/๑
29.9.2018,+15,749,+12,749,ว 1์/๑
30.9.2018,+10,754,+2,755,ัว 2์/๑
1.10.2018,+13,755,+9,756,ว 3์/๑
2.10.2018,+15,755,+11,753,ว 2์/๑
3.10.2018,+20,747,+18,745, 2์/๑
4.10.2018,+15,742,+11,744,ว 4์/๑
5.10.2018,+9,744,+6,748,ัว 2์/๑
6.10.2018,+8,752,+7,752,ว 3์/๑
7.10.2018,+17,752,+13,753,ว 5์/๑
8.10.2018,+18,752,+14,754,ว 4์/๑
9.10.2018,+7,758,+7,758,ย 1์/๑
10.10.2018,+15,755,+13,752,ว 2์/๑
11.10.2018,+11,750,+8,752,ัว 4์/๑
12.10.2018,+8,756,+8,755,ัว 3์/๑
13.10.2018,+9,755,+5,754,ัว 2์/๑
14.10.2018,+7,755,+4,755,ัว 1์/๑
15.10.2018,+9,755,+9,755,ว 2์/๑
16.10.2018,+18,753,+13,753,ัว 3์/๑
17.10.2018,+15,751,+11,755,ัว 4์/๑
18.10.2018,+12,756,+9,755,ว 1์/๑
19.10.2018,+17,751,+13,750,ว 3์/๑
20.10.2018,+13,749,+8,751,ว 2์/๑
21.10.2018,+8,755,+7,757,ั 1์/๑
22.10.2018,+9,757,+6,755,ว 1์/๑
23.10.2018,+10,747,+9,743,ย 2์/๑
24.10.2018,+11,740,+9,740,ว 1์/๑
25.10.2018,+12,734,+11,731, 1์/๑
26.10.2018,+7,737,+5,740,ว 2์/๑
27.10.2018,+4,749,+3,750,ว 2์/๑
28.10.2018,+7,745,+8,749,ว 3์/๑
29.10.2018,+3,759,-1,763,ั 1์/๑
30.10.2018,0,768,-3,770,ัย 1์/๑
31.10.2018,+3,772,-3,772,ัว 1์/๑
1.11.2018,+3,772,0,771,ว 3์/๑
2.11.2018,+5,767,+4,767,ว 4์/๑
3.11.2018,+7,763,+5,761,ว 2์/๑
4.11.2018,+4,752,+5,750,ว 4์/๑
5.11.2018,+6,756,+4,758,ั 1์/๑
6.11.2018,+5,759,+3,758,ัว 1์/๑
7.11.2018,+4,757,+2,756,ว 2์/๑
8.11.2018,+2,753,+2,754,ว 1์/๑
9.11.2018,+1,758,-1,758,ัย 1์/๑
10.11.2018,-3,761,-7,765,ัย 4์/๑
11.11.2018,-5,774,-7,776,ย 2์/๑
12.11.2018,-6,776,-8,775, 1์/๑
13.11.2018,-5,773,-10,771,ัว 1์/๑
14.11.2018,-5,768,-8,767,ว 1์/๑
15.11.2018,-5,770,-10,770,ย 1์/๑
16.11.2018,-2,770,-9,770,ว 1์/๑
17.11.2018,0,761,+1,757,ว 4์/๑
18.11.2018,+3,755,-1,755,ว 1์/๑
19.11.2018,+1,757,0,757,ว 1์/๑
20.11.2018,+1,753,-1,752,ัว 1์/๑
21.11.2018,-2,744,-1,743,ว 3์/๑
22.11.2018,-3,740,-4,735,ว 4์/๑
23.11.2018,-7,743,-7,748,ัว 4์/๑
24.11.2018,-5,747,-4,749,ว 6์/๑
25.11.2018,-4,747,-4,749,ว 3์/๑
26.11.2018,-5,745,-4,744, 1์/๑
27.11.2018,-4,748,-8,749,ุ
28.11.2018,-8,746,-8,749,ั 1์/๑
29.11.2018,-11,761,-13,765,ัว 2์/๑
30.11.2018,-8,769,-10,770,ว 4์/๑
1.12.2018,-9,770,-13,769,ว 1์/๑
2.12.2018,-10,763,-11,761,ย 2์/๑
3.12.2018,-3,758,-4,759, 1์/๑
4.12.2018,-3,761,-3,761,ย 1์/๑
5.12.2018,-5,761,-8,760,ย 1์/๑
6.12.2018,-7,755,-7,753,ย 3์/๑
7.12.2018,-6,749,-6,749,ย 2์/๑
8.12.2018,-2,752,-2,752,ย 1์/๑
9.12.2018,-3,752,-4,753, 2์/๑
10.12.2018,-3,755,-3,756, 3์/๑
11.12.2018,-5,755,-7,755,ย 2์/๑
12.12.2018,-7,752,-5,752,ย 4์/๑
13.12.2018,-2,752,-3,752,ย 1์/๑
14.12.2018,-3,751,-3,751,ย 4์/๑
15.12.2018,-1,755,-3,757,ัย 3์/๑
16.12.2018,-8,761,-8,762,ั 2์/๑
17.12.2018,-6,763,-6,764,ุ
18.12.2018,-8,765,-9,766,ย 1์/๑
19.12.2018,-9,767,-10,768,ย 1์/๑
20.12.2018,-10,769,-10,768,ย 2์/๑
21.12.2018,-13,765,-15,764,ย 1์/๑
22.12.2018,-15,758,-14,756,ย 2์/๑
23.12.2018,-11,755,-11,754,ย 2์/๑
24.12.2018,-9,753,-10,755,ย 4์/๑
25.12.2018,-12,755,-12,755,ย 3์/๑
26.12.2018,-8,747,-9,745,ย 4์/๑
27.12.2018,-5,745,-5,745,ย 3์/๑
28.12.2018,-4,742,-6,744,ัว 1์/๑
29.12.2018,-10,751,-11,752,ว 1์/๑
30.12.2018,-13,757,-16,758,ว 1์/๑
31.12.2018,-16,761,-19,761,ว 1์/๑
1.1.2019,-18,758,-15,757,ย 3์/๑
2.1.2019,-6,757,-6,757, 2์/๑
3.1.2019,-7,758,-8,758,ย 3์/๑
4.1.2019,-9,755,-8,753,ย 2์/๑
5.1.2019,-10,744,-5,742,ย 3์/๑
6.1.2019,-8,749,-12,752,ว 2์/๑
7.1.2019,-15,753,-17,753,ัว 2์/๑
8.1.2019,-17,750,-18,750,ว 3์/๑
9.1.2019,-14,754,-12,755,ว 2์/๑
10.1.2019,-9,758,-9,758,ว 1์/๑
11.1.2019,-12,754,-12,751,ย 2์/๑
12.1.2019,0,737,0,735, 2์/๑
13.1.2019,-8,740,-8,740,ว 2์/๑
14.1.2019,-9,743,-8,745, 1์/๑
15.1.2019,-3,744,-2,745, 4์/๑
16.1.2019,-4,740,-3,739,ย 4์/๑
17.1.2019,-7,746,-8,749,ัว 1์/๑
18.1.2019,-8,747,-6,748,ว 3์/๑
19.1.2019,-2,746,-1,744, 1์/๑
20.1.2019,-7,750,-11,752,ว 1์/๑
21.1.2019,-10,750,-9,746, 2์/๑
22.1.2019,-11,747,-15,750,ว 2์/๑
23.1.2019,-18,756,-21,758,ว 1์/๑
24.1.2019,-20,757,-14,749,ย 3์/๑
25.1.2019,-13,753,-19,757,ัว 2์/๑
26.1.2019,-16,761,-20,761,ย 2์/๑
27.1.2019,-13,755,-13,755,ย 5์/๑
28.1.2019,-11,755,-10,752,ย 4์/๑
29.1.2019,-9,751,-9,752,ัย 1์/๑
30.1.2019,-6,755,-13,756,ัว 1์/๑
31.1.2019,-7,758,-7,758,ย 2์/๑
1.2.2019,-8,758,-13,758, 1์/๑
2.2.2019,-11,757,-12,757,ว 1์/๑
3.2.2019,-10,758,-11,758, 1์/๑
4.2.2019,-5,758,-6,760,ุ
5.2.2019,-11,761,-13,761,ย 4์/๑
6.2.2019,-11,761,-11,760,ย 2์/๑
7.2.2019,-8,749,-7,748,ย 3์/๑
8.2.2019,-4,756,-5,757,ัว 2์/๑
9.2.2019,-6,758,-8,758,ว 2์/๑
10.2.2019,-8,757,-13,757,ว 1์/๑
11.2.2019,-8,758,-13,759, 1์/๑
12.2.2019,-7,760,-14,760, 1์/๑
13.2.2019,-10,758,-12,756,ย 3์/๑
14.2.2019,-7,752,-6,753,ว 2์/๑
15.2.2019,-5,749,-6,743,ว 2์/๑
16.2.2019,+2,740,0,740,ว 2์/๑
17.2.2019,-1,734,-2,729,ว 2์/๑
18.2.2019,-1,729,-6,734,ั 2์/๑
19.2.2019,-10,746,-10,747,ัว 4์/๑
20.2.2019,-3,745,-4,744,ว 2์/๑
21.2.2019,-5,742,-2,740, 2์/๑
22.2.2019,-4,741,-7,746,ว 3์/๑
23.2.2019,-7,755,-9,756,ัว 2์/๑
24.2.2019,-9,755,-11,753,ว 2์/๑
25.2.2019,-8,746,-8,743,ย 1์/๑
26.2.2019,-5,739,-6,740,ย 3์/๑
27.2.2019,-4,743,-6,742,ย 2์/๑
28.2.2019,-2,734,-1,732,ว 2์/๑
1.3.2019,-2,729,-1,728,ย 2์/๑
2.3.2019,-2,728,-6,731,ั 2์/๑
3.3.2019,-4,740,-7,739,ว 2์/๑
4.3.2019,-2,738,-5,739,ว 3์/๑
5.3.2019,-3,743,+1,741,ย 2์/๑
6.3.2019,+4,739,+2,740,ว 3์/๑
7.3.2019,-3,757,-11,760,ั 2์/๑
8.3.2019,-5,761,-8,759, 2์/๑
9.3.2019,0,749,+2,748, 3์/๑
10.3.2019,+1,746,+1,743,ย 2์/๑
11.3.2019,+2,736,+1,734,ย 3์/๑
12.3.2019,+2,739,0,745,ว 4์/๑
13.3.2019,+1,747,-1,746,ย 1์/๑
14.3.2019,0,747,-4,752,ัว 2์/๑
15.3.2019,0,755,-4,755,ว 1์/๑
16.3.2019,0,752,-3,752,ย 4์/๑
17.3.2019,+1,752,-2,754,ย 2์/๑
18.3.2019,+5,757,-1,758,ั 1์/๑
19.3.2019,+6,758,-1,758,ว 2์/๑
20.3.2019,+7,756,+2,755,ว 1์/๑
21.3.2019,+4,752,+1,751,ุ
22.3.2019,+1,748,0,746,ย 2์/๑
23.3.2019,+3,751,0,752,ย 1์/๑
24.3.2019,+1,750,+1,746,ย 3์/๑
25.3.2019,+1,737,+1,742,ว 4์/๑
26.3.2019,+5,749,+3,748, 2์/๑
27.3.2019,+5,750,+2,750, 2์/๑
28.3.2019,+3,746,0,746,ัว 1์/๑
29.3.2019,+3,747,-1,749,ว 3์/๑
30.3.2019,+1,749,0,748,ว 3์/๑
31.3.2019,+7,749,+4,749,ว 2์/๑
1.5.2019,+13,752,+10,752,ว 2์/๑
2.5.2019,+12,746,+12,744,ย 3์/๑
3.5.2019,+17,743,+11,743,ย 3์/๑
4.5.2019,+20,749,+14,751,ว 2์/๑
5.5.2019,+18,753,+13,752,ย 2์/๑
6.5.2019,+24,747,+20,746,ย 1์/๑
7.5.2019,+19,746,+18,746,ว 2์/๑
8.5.2019,+25,749,+17,749,ว 2์/๑
9.5.2019,+28,749,+24,749,ย 2์/๑
10.5.2019,+30,749,+25,749,ย 3์/๑
11.5.2019,+32,750,+26,751,ย 2์/๑
12.5.2019,+32,752,+24,752,ัย 1์/๑
13.5.2019,+32,750,+19,750,ัว 1์/๑
14.5.2019,+30,747,+19,747,ว 2์/๑
15.5.2019,+26,749,+24,749,ย 1์/๑
16.5.2019,+22,747,+17,748,ย 3์/๑
17.5.2019,+15,751,+10,751,ัว 3์/๑
18.5.2019,+17,745,+12,746,ว 3์/๑
19.5.2019,+13,746,+8,749,ั 2์/๑
20.5.2019,+11,750,+7,751,ั 2์/๑
21.5.2019,+16,752,+10,752,ว 3์/๑
22.5.2019,+14,749,+13,747,ย 3์/๑
23.5.2019,+24,743,+19,741,ว 4์/๑
24.5.2019,+13,746,+9,749,ั 2์/๑
25.5.2019,+15,752,+12,751,ว 1์/๑
26.5.2019,+22,748,+20,746,ย 2์/๑
27.5.2019,+25,745,+17,747,ว 4์/๑
28.5.2019,+25,750,+19,752,ั 3์/๑
29.5.2019,+28,753,+19,753,ัว 3์/๑
30.5.2019,+30,753,+21,752,ว 2์/๑
31.5.2019,+30,751,+22,750,ั 2์/๑
1.6.2019,+29,747,+21,748,ว 3์/๑
2.6.2019,+26,751,+22,750,ัว 2์/๑
3.6.2019,+27,746,+21,747,ว 3์/๑
4.6.2019,+20,753,+16,754,ัว 3์/๑
5.6.2019,+24,755,+21,754,ัว 2์/๑
6.6.2019,+27,752,+23,751,ว 3์/๑
7.6.2019,+24,754,+19,754,ั 2์/๑
8.6.2019,+25,753,+19,755,ั 3์/๑
9.6.2019,+25,756,+21,755,ัว 2์/๑
10.6.2019,+28,754,+20,753,ว 2์/๑
11.6.2019,+32,751,+25,751,ว 2์/๑
12.6.2019,+28,749,+24,748,ัว 3์/๑
13.6.2019,+18,752,+14,753,ั 2์/๑
14.6.2019,+20,751,+12,749,ัว 2์/๑
15.6.2019,+20,748,+15,747,ว 2์/๑
16.6.2019,+21,746,+14,746,ว 2์/๑
17.6.2019,+24,746,+17,746,ัว 2์/๑
18.6.2019,+26,746,+21,746,ัว 2์/๑
19.6.2019,+22,746,+18,746,ัย 3์/๑
20.6.2019,+29,748,+22,749,ัว 2์/๑
21.6.2019,+30,751,+25,752,ัว 2์/๑
22.6.2019,+31,752,+26,752,ว 2์/๑
23.6.2019,+33,750,+23,749,ว 2์/๑
24.6.2019,+24,749,+23,750,ั 2์/๑
25.6.2019,+25,752,+21,752,ัว 2์/๑
26.6.2019,+22,752,+17,751,ั 2์/๑
27.6.2019,+16,745,+15,743,ย 2์/๑
28.6.2019,+27,737,+23,737,ย 2์/๑
29.6.2019,+26,738,+21,740,ว 3์/๑
30.6.2019,+19,741,+16,742,ั 1์/๑
1.7.2019,+23,742,+19,742,ัว 3์/๑
2.7.2019,+25,738,+19,737,ว 3์/๑
3.7.2019,+26,741,+19,742,ว 2์/๑
4.7.2019,+25,743,+20,743,ว 4์/๑
5.7.2019,+22,744,+17,744,ว 3์/๑
6.7.2019,+26,743,+23,741,ว 2์/๑
7.7.2019,+23,741,+20,742,ว 3์/๑
8.7.2019,+24,743,+21,743,ว 3์/๑
9.7.2019,+27,740,+23,740, 2์/๑
10.7.2019,+25,740,+21,740,ว 3์/๑
11.7.2019,+25,743,+23,743,ว 2์/๑
12.7.2019,+19,743,+17,742,ัย 1์/๑
13.7.2019,+22,743,+19,743,ั 2์/๑
14.7.2019,+25,744,+20,743,ั 2์/๑
15.7.2019,+22,743,+19,745,ว 2์/๑
16.7.2019,+26,747,+23,748,ว 2์/๑
17.7.2019,+22,746,+20,744,ย 2์/๑
18.7.2019,+29,742,+23,743,ว 3์/๑
19.7.2019,+28,746,+20,746,ัว 1์/๑
20.7.2019,+27,748,+20,749,ว 2์/๑
21.7.2019,+28,749,+22,748,ว 3์/๑
22.7.2019,+20,746,+19,747,ุ
23.7.2019,+24,749,+21,749,ั 2์/๑
24.7.2019,+27,749,+23,750,ั 2์/๑
25.7.2019,+29,749,+25,749,ย 3์/๑
26.7.2019,+30,747,+26,746,ัย 3์/๑
27.7.2019,+26,740,+22,739,ย 3์/๑
28.7.2019,+24,734,+18,736,ัว 4์/๑
29.7.2019,,,+14,740,ุ
30.7.2019,+19,740,+12,740,ว 3์/๑
31.7.2019,+14,735,+12,732,ัว 1์/๑
1.8.2019,+14,734,+13,737,ว 3์/๑
2.8.2019,+18,737,+15,738,ว 5์/๑
3.8.2019,+18,739,+15,740,ว 3์/๑
4.8.2019,+22,740,+20,740,ว 3์/๑
5.8.2019,+17,728,+13,731,ย 2์/๑
6.8.2019,+15,742,+14,744,ว 4์/๑
7.8.2019,+21,747,+14,748,ว 3์/๑
8.8.2019,+23,747,+20,748,ว 2์/๑
9.8.2019,+27,743,+25,743,ว 2์/๑
10.8.2019,+26,740,+18,741,ว 1์/๑
11.8.2019,+20,740,+16,740,ว 2์/๑
12.8.2019,+15,744,+13,746,ัว 4์/๑
13.8.2019,+18,746,+16,748,ัว 4์/๑
14.8.2019,+22,748,+19,749,ัว 2์/๑
15.8.2019,+25,750,+21,750,ว 2์/๑
16.8.2019,+30,749,+25,749,ัว 2์/๑
17.8.2019,+32,749,+26,749, 2์/๑
18.8.2019,+28,752,+25,752,ว 2์/๑
19.8.2019,+35,752,+30,752,ว 3์/๑
20.8.2019,+31,752,+24,752,ั 1์/๑
21.8.2019,+27,753,+22,754,ั 3์/๑
22.8.2019,+27,753,+23,753,ั 1์/๑
23.8.2019,+27,754,+20,755,ัว 3์/๑
24.8.2019,+25,755,+16,754,ัย 1์/๑
25.8.2019,+24,750,+17,753,ัว 3์/๑
26.8.2019,+20,756,+13,755,ัว 2์/๑
27.8.2019,+18,747,+14,746,ว 3์/๑
28.8.2019,+12,746,+10,749,ัว 2์/๑
29.8.2019,+15,751,+12,750,ัว 2์/๑
30.8.2019,+15,751,+11,752,ั 2์/๑
31.8.2019,+17,750,+11,750,ัว 3์/๑
1.9.2019,+16,749,+8,749,ว 1์/๑
2.9.2019,+19,748,+14,749,ว 3์/๑
3.9.2019,+18,749,+14,749,ัว 2์/๑
4.9.2019,+18,750,+15,751,ัย 2์/๑
5.9.2019,+20,752,+11,753,ัว 2์/๑
6.9.2019,+20,754,+16,754,ัย 2์/๑
7.9.2019,+21,755,+17,756,ั 1์/๑
8.9.2019,+20,758,+16,759,ั 2์/๑
9.9.2019,+23,758,+18,758,ัว 3์/๑
10.9.2019,+23,759,+18,760,ั 3์/๑
11.9.2019,+23,762,+14,762,ย 1์/๑
12.9.2019,+24,760,+12,759,ว 2์/๑
13.9.2019,+25,755,+15,754,ว 2์/๑
14.9.2019,+26,749,+22,748,ว 3์/๑
15.9.2019,+16,747,+11,747,ว 1์/๑
16.9.2019,+11,743,+16,740, 2์/๑
17.9.2019,+19,739,+16,739,ว 3์/๑
18.9.2019,+17,740,+13,738,ว 2์/๑
19.9.2019,+14,742,+9,746,ว 5์/๑
20.9.2019,+13,748,+9,748,ว 2์/๑
21.9.2019,+11,744,+6,743,ัว 1์/๑
22.9.2019,+9,738,+5,733,ว 2์/๑
23.9.2019,+6,742,+4,746,ว 3์/๑
24.9.2019,+8,749,+5,751,ว 3์/๑
25.9.2019,+8,752,+6,752,ว 1์/๑
26.9.2019,+10,751,+9,750,ว 3์/๑
27.9.2019,+11,749,+8,747,ว 4์/๑
28.9.2019,+10,749,+5,752,ั 2์/๑
29.9.2019,+8,753,+5,753,ว 2์/๑
30.9.2019,+13,752,+11,751,ย 2์/๑
1.10.2019,+14,748,+14,746,ย 2์/๑
2.10.2019,+15,749,+14,751,ว 2์/๑
3.10.2019,+18,753,+14,753,ว 2์/๑
4.10.2019,+21,752,+19,750,ย 1์/๑
5.10.2019,+22,747,+18,748, 2์/๑
6.10.2019,+21,745,+15,745,ย 2์/๑
7.10.2019,+21,740,+7,746,ย 3์/๑
8.10.2019,+6,755,+5,753,ว 1์/๑
9.10.2019,+5,751,+3,752,ัว 2์/๑
10.10.2019,+10,752,+9,752,ว 2์/๑
11.10.2019,+12,749,+11,749,ว 2์/๑
12.10.2019,+13,751,+9,751,ัว 1์/๑
13.10.2019,+10,744,+10,745,ว 3์/๑
14.10.2019,+13,749,+10,750,ว 4์/๑
15.10.2019,+15,746,+10,749,ัว 3์/๑
16.10.2019,+6,758,+3,760,ั 2์/๑
17.10.2019,+11,757,+9,755,ว 4์/๑
18.10.2019,+14,749,+12,749,ว 3์/๑
19.10.2019,+6,755,+4,757,ัย 2์/๑
20.10.2019,+5,760,+5,760,ว 1์/๑
21.10.2019,+11,758,+11,755,ว 2์/๑
22.10.2019,+12,753,+10,754,ว 1์/๑
23.10.2019,+11,751,+11,749,ว 2์/๑
24.10.2019,+13,753,+11,754,ว 1์/๑
25.10.2019,+13,755,+6,756,ว 1์/๑
26.10.2019,+16,752,+13,749,ว 3์/๑
27.10.2019,+10,743,+11,742,ว 3์/๑
28.10.2019,+11,740,+8,744,ว 3์/๑
29.10.2019,+7,749,+3,749,ั 2์/๑
30.10.2019,+3,744,+1,742,ย 2์/๑
31.10.2019,-2,744,-3,746,ว 4์/๑
1.11.2019,-5,753,-6,755,ัว 2์/๑
2.11.2019,-1,755,-1,757,ว 2์/๑
3.11.2019,-2,758,-2,758,ย 1์/๑
4.11.2019,+2,757,0,756,ว 3์/๑
5.11.2019,+6,752,+5,751, 3์/๑
6.11.2019,+7,749,+8,748,ว 2์/๑
7.11.2019,+14,745,+11,748,ว 3์/๑
8.11.2019,+4,752,+2,752,ัย 2์/๑
9.11.2019,-1,763,-1,764,ั 1์/๑
10.11.2019,0,763,0,762, 1์/๑
11.11.2019,0,758,-1,756,ย 1์/๑
12.11.2019,+3,754,+4,754,ว 2์/๑
13.11.2019,+4,759,+4,761,ัว 3์/๑
14.11.2019,0,766,+1,767,ัย 1์/๑
15.11.2019,+1,768,0,767,ว 2์/๑
16.11.2019,+4,767,+1,766,ว 1์/๑
17.11.2019,0,763,+1,762,ว 2์/๑
18.11.2019,+2,758,+3,757,ว 3์/๑
19.11.2019,0,761,-8,764,ัย 3์/๑
20.11.2019,-10,772,-14,774,ัย 2์/๑
21.11.2019,-9,775,-11,773,ั 1์/๑
22.11.2019,-4,770,-7,769,ัว 1์/๑
23.11.2019,-3,767,-5,766,ัว 1์/๑
24.11.2019,-4,765,-8,765,ั 1์/๑
25.11.2019,-6,764,-10,764,ว 1์/๑
26.11.2019,-5,761,-8,761,ว 1์/๑
27.11.2019,-7,760,-8,759, 1์/๑
28.11.2019,-4,758,-6,758,ย 3์/๑
29.11.2019,-5,757,-3,755,ย 2์/๑
30.11.2019,-4,750,-4,749,ย 2์/๑
1.12.2019,-2,742,-2,743,ย 2์/๑
2.12.2019,-5,753,-7,755,ว 1์/๑
3.12.2019,-6,752,-7,751,ย 2์/๑
4.12.2019,-5,744,-7,746,ัว 1์/๑
5.12.2019,-3,746,-2,747,ว 2์/๑
6.12.2019,+1,746,0,746,ว 4์/๑
7.12.2019,-1,749,-1,750,ว 3์/๑
8.12.2019,+2,752,+2,752,ว 3์/๑
9.12.2019,+1,752,-1,753, 1์/๑
10.12.2019,-3,753,-3,754,ว 2์/๑
11.12.2019,-3,751,-2,751,ว 2์/๑
12.12.2019,-4,757,-6,758,ั 2์/๑
13.12.2019,-9,758,-12,759,ย 1์/๑
14.12.2019,-10,761,-12,761,ย 3์/๑
15.12.2019,-5,758,-5,758,ย 3์/๑
16.12.2019,-5,752,-3,751,ย 2์/๑
17.12.2019,0,749,+1,749,ว 2์/๑
18.12.2019,+1,749,+1,750,ว 2์/๑
19.12.2019,+2,739,+1,736,ว 3์/๑
20.12.2019,-2,742,-2,744,ัว 4์/๑
21.12.2019,-2,752,-4,754,ั 1์/๑
22.12.2019,-3,755,-5,756, 2์/๑
23.12.2019,-5,756,-5,756, 1์/๑
24.12.2019,-8,755,-11,754,ย 3์/๑
25.12.2019,-9,751,-9,749,ย 2์/๑
26.12.2019,-8,746,-8,745,ย 2์/๑
27.12.2019,-7,743,-7,743,ัว 2์/๑
28.12.2019,-6,749,-10,751,ัว 3์/๑
29.12.2019,-7,757,-10,758,ั 2์/๑
30.12.2019,-10,755,-7,750,ว 2์/๑
31.12.2019,-3,735,-2,734,ว 3์/๑
1.1.2020,-2,738,-2,740,ว 1์/๑
2.1.2020,-6,749,-7,750,ัว 1์/๑
3.1.2020,-5,751,-2,749, 1์/๑
4.1.2020,-2,745,-1,745,ว 3์/๑
5.1.2020,-1,748,-1,750,ว 1์/๑
6.1.2020,0,755,-2,756,ุ
7.1.2020,-2,757,-4,758,ว 2์/๑
8.1.2020,-4,760,-4,759,ย 1์/๑
9.1.2020,-3,755,-5,753,ว 2์/๑
10.1.2020,-4,750,-4,750,ว 2์/๑
11.1.2020,-2,750,-3,749,ว 1์/๑
12.1.2020,-3,751,-3,750,ว 2์/๑
13.1.2020,-4,742,-4,742,ว 4์/๑
14.1.2020,0,751,0,753,ว 2์/๑
15.1.2020,-1,759,-4,759,ว 2์/๑
16.1.2020,+1,752,0,751,ว 4์/๑
17.1.2020,+1,753,+1,755,ว 1์/๑
18.1.2020,+1,756,+1,757,ว 1์/๑
19.1.2020,0,755,-1,755,ว 4์/๑
20.1.2020,-1,752,-2,750,ว 3์/๑
21.1.2020,+1,744,0,739,ว 2์/๑
22.1.2020,+1,731,-2,731,ว 4์/๑
23.1.2020,-2,734,-6,737,ัว 1์/๑
24.1.2020,-7,743,-10,743,ว 3์/๑
25.1.2020,-1,734,0,733,ว 2์/๑
26.1.2020,-2,737,-4,742,ัว 3์/๑
27.1.2020,-2,740,-7,746,ัว 5์/๑
28.1.2020,-10,756,-13,757, 1์/๑
29.1.2020,-8,755,-10,754,ย 3์/๑
30.1.2020,-2,748,-2,747,ย 3์/๑
31.1.2020,-1,744,-1,744,ย 2์/๑
1.2.2020,0,745,-1,746,ว 1์/๑
2.2.2020,-1,745,-1,743,ย 2์/๑
3.2.2020,+1,729,+2,730,ว 3์/๑
4.2.2020,0,730,-1,733,ว 3์/๑
5.2.2020,-2,739,-4,742,ว 3์/๑
6.2.2020,-6,743,-9,743,ว 2์/๑
7.2.2020,-7,737,-9,740,ั 1์/๑
8.2.2020,-12,746,-15,750,ัว 2์/๑
9.2.2020,-12,755,-15,756,ว 2์/๑
10.2.2020,-7,749,-7,749,ว 3์/๑
11.2.2020,-5,750,-7,751, 2์/๑
12.2.2020,-5,751,-8,750, 1์/๑
13.2.2020,-5,748,-8,747,ย 1์/๑
14.2.2020,-6,750,-8,752,ั 1์/๑
15.2.2020,-5,758,-7,759,ว 1์/๑
16.2.2020,-5,764,-5,764,ย 1์/๑
17.2.2020,0,758,0,756,ว 2์/๑
18.2.2020,+2,752,+1,752,ว 3์/๑
19.2.2020,+1,748,+1,748,ว 2์/๑
20.2.2020,+3,752,0,753,ว 1์/๑
21.2.2020,+3,756,-4,758,ุ
22.2.2020,-2,761,-5,760,ย 2์/๑
23.2.2020,-2,751,-2,746,ย 2์/๑
24.2.2020,+2,740,+1,742,ว 2์/๑
25.2.2020,0,735,+1,734,ย 3์/๑
26.2.2020,+1,742,-1,744,ว 3์/๑
27.2.2020,+3,744,+4,743, 3์/๑
28.2.2020,+3,744,+3,743,ย 2์/๑
29.2.2020,+4,744,+1,747,ว 2์/๑
1.3.2020,+3,752,-3,755,ว 3์/๑
2.3.2020,+5,757,+3,758,ว 3์/๑
3.3.2020,+4,757,0,755, 2์/๑
4.3.2020,+1,752,+1,753,ย 2์/๑
5.3.2020,+2,760,0,761,ย 3์/๑
6.3.2020,+1,763,-3,762,ย 4์/๑
7.3.2020,+3,761,+2,760, 2์/๑
8.3.2020,+3,758,+2,758, 3์/๑
9.3.2020,+5,755,+5,755,ว 1์/๑
10.3.2020,+8,753,+6,752,ย 1์/๑
11.3.2020,+12,747,+9,745,ย 3์/๑
12.3.2020,+10,741,+6,741,ว 2์/๑
13.3.2020,+10,738,+8,737,ว 4์/๑
14.3.2020,+1,741,0,740,ว 1์/๑
15.3.2020,+2,742,+1,743, 1์/๑
16.3.2020,0,749,+1,753,ั 1์/๑
17.3.2020,+6,755,+4,757,ว 3์/๑
18.3.2020,+10,758,+6,757,ว 3์/๑
19.3.2020,+12,748,+7,746,ว 4์/๑
20.3.2020,+4,742,+1,743,ั 3์/๑
21.3.2020,0,748,0,750,ว 2์/๑
22.3.2020,-3,757,-4,757,ัย 3์/๑
23.3.2020,-2,754,+2,752,ัย 2์/๑
24.3.2020,-2,760,-3,761,ว 2์/๑
25.3.2020,+3,763,-2,763,ว 1์/๑
26.3.2020,+5,758,+3,758,ว 3์/๑
27.3.2020,+11,760,+2,761,ัย 2์/๑
28.3.2020,+9,758,+6,757,ย 2์/๑
29.3.2020,+14,751,+10,749, 1์/๑
30.3.2020,+15,746,+11,745,ย 3์/๑
31.3.2020,+17,741,+14,740,ย 1์/๑
1.4.2020,+4,742,-1,743,ว 3์/๑
2.4.2020,+7,745,+6,747,ว 4์/๑
3.4.2020,+12,749,+8,749, 2์/๑
4.4.2020,+16,748,+12,748,ว 3์/๑
5.4.2020,+7,749,+3,749,ั 2์/๑
6.4.2020,+5,749,+1,751,ัว 3์/๑
7.4.2020,+6,756,+1,756,ัว 3์/๑
8.4.2020,+9,749,+8,747,ว 2์/๑
9.4.2020,+17,749,+12,750,ว 2์/๑
10.4.2020,+14,749,+10,749,ว 4์/๑
11.4.2020,+14,746,+10,743,ว 3์/๑
12.4.2020,+4,739,+3,740, 2์/๑
13.4.2020,+1,746,+2,747,ัว 2์/๑
14.4.2020,+15,747,+11,747, 2์/๑
15.4.2020,+16,742,+11,738,ย 4์/๑
16.4.2020,+7,741,+4,740,ว 3์/๑
17.4.2020,+9,734,+6,737,ว 5์/๑
18.4.2020,+7,743,+6,746,ว 3์/๑
19.4.2020,+10,750,+9,750,ว 3์/๑
20.4.2020,+15,749,+13,746,ย 2์/๑
21.4.2020,+10,740,+7,739,ว 3์/๑
22.4.2020,+6,733,+3,735,ว 4์/๑
23.4.2020,+7,742,+2,743,ว 4์/๑
24.4.2020,+6,743,+6,743,ว 3์/๑
25.4.2020,+18,739,+14,742,ว 5์/๑
26.4.2020,+19,743,+14,743,ว 3์/๑
27.4.2020,+18,739,+14,738, 2์/๑
28.4.2020,+9,738,+6,742,ว 2์/๑
29.4.2020,+14,745,+13,744,ว 3์/๑
30.4.2020,+22,744,+12,748,ว 4์/๑
1.5.2020,+23,746,+19,746,ว 3์/๑
2.5.2020,+15,750,+10,751,ั 2์/๑
3.5.2020,+19,753,+14,753,ย 2์/๑
4.5.2020,+23,754,+19,753,ย 2์/๑
5.5.2020,+25,754,+19,753,ย 3์/๑
6.5.2020,+18,751,+18,748,ย 3์/๑
7.5.2020,+26,746,+21,746,ย 2์/๑
8.5.2020,+28,745,+22,745, 3์/๑
9.5.2020,+27,741,+18,740,ย 2์/๑
10.5.2020,+19,744,+15,745,ว 3์/๑
11.5.2020,+19,744,+17,743, 2์/๑
12.5.2020,+21,743,+18,743,ว 2์/๑
13.5.2020,+19,743,+15,744,ว 3์/๑
14.5.2020,+15,749,+8,749,ัว 3์/๑
15.5.2020,+11,744,+11,741, 2์/๑
16.5.2020,+14,745,+11,746,ัว 2์/๑
17.5.2020,+17,747,+12,748,ว 2์/๑
18.5.2020,+18,744,+15,743,ว 2์/๑
19.5.2020,+8,740,+6,740,ว 3์/๑
20.5.2020,+12,740,+8,743,ัว 2์/๑
21.5.2020,+18,743,+15,743,ว 2์/๑
22.5.2020,+16,747,+12,746,ว 3์/๑
23.5.2020,+18,747,+14,746,ย 3์/๑
24.5.2020,+16,752,+14,754,ว 2์/๑
25.5.2020,+19,758,+12,758,ว 1์/๑
26.5.2020,+23,754,+20,750,ย 5์/๑
27.5.2020,+25,751,+19,752,ั 2์/๑
28.5.2020,+22,755,+19,755,ัว 2์/๑
29.5.2020,+26,753,+22,752,ย 2์/๑
30.5.2020,+29,746,+26,745,ย 3์/๑
31.5.2020,+24,743,+20,743,ว 3์/๑
1.6.2020,+23,746,+19,748,ว 3์/๑
2.6.2020,+16,749,+16,749,ัย 1์/๑
3.6.2020,+23,747,+21,746,ัย 2์/๑
4.6.2020,+17,746,+17,748,ย 3์/๑
5.6.2020,+26,749,+20,750,ย 2์/๑
6.6.2020,+18,751,+17,751,ุ
7.6.2020,+22,751,+18,752,ว 2์/๑
8.6.2020,+21,752,+18,752,ว 2์/๑
9.6.2020,+19,753,+17,753,ุ
10.6.2020,+26,752,+20,752,ว 2์/๑
11.6.2020,+26,750,+21,749,ั 1์/๑
12.6.2020,+28,746,+23,748,ว 2์/๑
13.6.2020,+21,750,+17,751,ัย 3์/๑
14.6.2020,+20,755,+17,755,ัย 3์/๑
15.6.2020,+23,755,+18,755,ั 2์/๑
16.6.2020,+26,753,+19,752,ว 2์/๑
17.6.2020,+28,749,+21,749,ัว 2์/๑
18.6.2020,+26,749,+19,752,ัย 3์/๑
19.6.2020,+23,752,+20,751,ย 2์/๑
20.6.2020,+28,748,+19,746,ว 2์/๑
21.6.2020,+22,747,+16,748,ั 2์/๑
22.6.2020,+19,750,+14,752,ัย 2์/๑
23.6.2020,+20,752,+15,751,ั 1์/๑
24.6.2020,+16,750,+15,749,ว 2์/๑
25.6.2020,+16,751,+13,751,ั 2์/๑
26.6.2020,+20,750,+16,750,ัว 2์/๑
27.6.2020,+27,745,+23,743,ว 3์/๑
28.6.2020,+22,743,+17,744,ัว 3์/๑
29.6.2020,+22,743,+16,743,ัว 2์/๑
30.6.2020,+18,746,+15,748,ัว 2์/๑
1.7.2020,+22,749,+19,749,ัว 2์/๑
2.7.2020,+26,747,+18,749,ว 2์/๑
3.7.2020,+29,751,+21,751,ว 2์/๑
4.7.2020,+32,750,+23,749,ว 2์/๑
5.7.2020,+31,747,+27,746,ว 2์/๑
6.7.2020,+34,746,+27,746,ว 2์/๑
7.7.2020,+37,746,+31,747,ว 2์/๑
8.7.2020,+35,748,+29,748,ย 3์/๑
9.7.2020,+35,747,+30,747, 2์/๑
10.7.2020,+31,748,+26,749,ัว 2์/๑
11.7.2020,+28,751,+24,751,ัย 2์/๑
12.7.2020,+33,749,+29,748,ัย 2์/๑
13.7.2020,+34,746,+31,746,ย 2์/๑
14.7.2020,+35,746,+28,746,ย 1์/๑
15.7.2020,+30,747,+26,747,ว 3์/๑
16.7.2020,+23,747,+22,746,ัว 1์/๑
17.7.2020,+29,747,+24,747,ว 2์/๑
18.7.2020,+28,746,+23,746,ัว 3์/๑
19.7.2020,+27,746,+21,746,ว 3์/๑
20.7.2020,+27,745,+20,745,ว 3์/๑
21.7.2020,+29,743,+23,743,ว 2์/๑
22.7.2020,+29,742,+22,741,ว 3์/๑
23.7.2020,+26,740,+22,743,ัว 2์/๑
24.7.2020,+24,746,+20,747,ัว 3์/๑
25.7.2020,+24,750,+20,751,ั 2์/๑
26.7.2020,+24,752,+19,752,ัว 2์/๑
27.7.2020,+25,751,+22,752,ัว 2์/๑
28.7.2020,+28,752,+20,751,ว 1์/๑
29.7.2020,+28,751,+20,750,ัว 2์/๑
30.7.2020,+32,747,+25,746,ว 2์/๑
31.7.2020,+24,744,+21,743,ว 3์/๑
1.8.2020,+23,740,+20,737,ย 2์/๑
2.8.2020,+22,744,+15,745,ว 3์/๑
3.8.2020,+23,747,+18,748,ย 1์/๑
4.8.2020,+16,748,+17,748,ั 3์/๑
5.8.2020,+32,748,+28,749,ย 3์/๑
6.8.2020,+33,749,+29,749,ย 3์/๑
7.8.2020,+30,746,+21,748,ัว 2์/๑
8.8.2020,+23,746,+20,745,ั 3์/๑
9.8.2020,+22,742,+19,742,ัว 3์/๑
10.8.2020,+20,743,+17,745,ัว 4์/๑
11.8.2020,+23,746,+17,746,ัว 3์/๑
12.8.2020,+24,746,+21,745,ว 1์/๑
13.8.2020,+24,741,+18,741,ย 2์/๑
14.8.2020,+21,740,+17,740,ว 1์/๑
15.8.2020,+18,740,+14,741,ัว 3์/๑
16.8.2020,+14,743,+14,743,ัว 3์/๑
17.8.2020,+17,740,+16,740,ว 2์/๑
18.8.2020,+19,743,+14,744,ัว 3์/๑
19.8.2020,+19,745,+13,746,ัว 3์/๑
20.8.2020,+19,746,+13,747,ว 3์/๑
21.8.2020,+18,748,+15,749,ั 1์/๑
22.8.2020,+18,749,+15,749,ัย 1์/๑
23.8.2020,+23,748,+15,749,ัว 2์/๑
24.8.2020,+26,749,+16,749,ัว 2์/๑
25.8.2020,+28,748,+21,749,ว 2์/๑
26.8.2020,+29,748,+22,747,ัย 1์/๑
27.8.2020,+28,746,+23,746,ว 2์/๑
28.8.2020,+30,744,+23,744,ว 2์/๑
29.8.2020,+21,747,+17,749,ย 1์/๑
30.8.2020,+22,752,+16,753,ัว 1์/๑
31.8.2020,+27,752,+19,752,ว 3์/๑
1.9.2020,+31,749,+25,749,ว 3์/๑
2.9.2020,+18,755,+16,757,ั 3์/๑
3.9.2020,+20,760,+16,761,ัย 3์/๑
4.9.2020,+20,758,+12,758,ย 2์/๑
5.9.2020,+21,756,+17,755,ย 2์/๑
6.9.2020,+21,756,+17,756,ย 2์/๑
7.9.2020,+25,756,+15,756,ว 2์/๑
8.9.2020,+27,754,+21,752,ว 2์/๑
9.9.2020,+12,747,+12,746,ย 2์/๑
10.9.2020,+17,749,+14,749,ว 1์/๑
11.9.2020,+18,746,+14,749,ว 2์/๑
12.9.2020,+17,754,+10,755,ัว 1์/๑
13.9.2020,+19,756,+17,753,ว 2์/๑
14.9.2020,+13,746,+9,746,ว 2์/๑
15.9.2020,+15,744,+10,744,ัว 2์/๑
16.9.2020,+11,747,+11,749,ัว 4์/๑
17.9.2020,+15,752,+10,751,ัว 2์/๑
18.9.2020,+20,746,+16,745, 2์/๑
19.9.2020,+11,737,+9,737,ั 1์/๑
20.9.2020,+10,740,+7,743,ว 4์/๑
21.9.2020,+11,747,+11,746,ว 3์/๑
22.9.2020,+16,748,+15,746,ว 4์/๑
23.9.2020,+19,749,+11,751,ัว 4์/๑
24.9.2020,+18,756,+13,758,ย 1์/๑
25.9.2020,+19,759,+13,758,ย 2์/๑
26.9.2020,+19,761,+11,761,ย 1์/๑
27.9.2020,+19,764,+9,764,ย 1์/๑
28.9.2020,+18,764,+8,764,ว 1์/๑
29.9.2020,+20,762,+15,762,ย 1์/๑
30.9.2020,+21,761,+15,761,ย 1์/๑
1.10.2020,+20,761,+11,761,ย 1์/๑
2.10.2020,+20,761,+10,761,ว 1์/๑
3.10.2020,+20,760,+12,760,ว 2์/๑
4.10.2020,+14,762,+8,764,ั 2์/๑
5.10.2020,+14,765,+6,764, 1์/๑
6.10.2020,+14,761,+12,760,ว 3์/๑
7.10.2020,+18,760,+13,761,ว 1์/๑
8.10.2020,+15,765,+10,766,ย 2์/๑
9.10.2020,+15,766,+11,765, 1์/๑
10.10.2020,+15,764,+12,763,ว 2์/๑
11.10.2020,+15,762,+9,761, 2์/๑
12.10.2020,+18,758,+13,758,ย 2์/๑
13.10.2020,+19,757,+15,757,ย 1์/๑
14.10.2020,+19,755,+15,754,ว 2์/๑
15.10.2020,+21,751,+17,750, 3์/๑
16.10.2020,+16,749,+16,745,ว 2์/๑
17.10.2020,+8,753,+3,755,ั 1์/๑
18.10.2020,+12,750,+14,746,ย 3์/๑
19.10.2020,+13,749,+6,749,ว 2์/๑
20.10.2020,+10,748,+7,748,ว 2์/๑
21.10.2020,+3,749,+2,751,ว 2์/๑
22.10.2020,+4,753,-1,754,ว 2์/๑
23.10.2020,+4,747,+7,745,ย 2์/๑
24.10.2020,+14,743,+9,746,ว 2์/๑
25.10.2020,+9,742,+7,743,ย 1์/๑
26.10.2020,+4,752,+1,756,ัว 2์/๑
27.10.2020,+4,762,+1,764,ั 2์/๑
28.10.2020,+5,764,+2,764, 2์/๑
29.10.2020,+6,761,+3,761,ย 2์/๑
30.10.2020,+7,756,+3,755,ย 2์/๑
31.10.2020,+6,753,+5,753,ย 1์/๑
1.11.2020,+8,756,+5,757,ัย 3์/๑
2.11.2020,+8,757,+5,758,ย 2์/๑
3.11.2020,+7,760,+5,760,ย 2์/๑
4.11.2020,+7,759,+2,758,ย 1์/๑
5.11.2020,+4,754,+4,752,ว 1์/๑
6.11.2020,+6,742,+5,740,ว 2์/๑
7.11.2020,+4,740,+3,743,ัว 3์/๑
8.11.2020,+7,740,+7,742,ว 3์/๑
9.11.2020,+2,751,0,751,ว 3์/๑
10.11.2020,+1,747,0,748,ัว 2์/๑
11.11.2020,+1,752,0,754,ัว 4์/๑
12.11.2020,0,755,-1,754,ว 3์/๑
13.11.2020,0,756,-1,755,ว 2์/๑
14.11.2020,-5,760,-7,761,ัย 2์/๑
15.11.2020,-7,767,-10,767,ัย 2์/๑
16.11.2020,-8,770,-9,770,ย 1์/๑
17.11.2020,-6,773,-12,773,ย 1์/๑
18.11.2020,-6,773,-9,771,ุ
19.11.2020,-5,767,-7,767, 2์/๑
20.11.2020,-5,765,-8,766, 2์/๑
21.11.2020,-6,767,-8,766,ย 2์/๑
22.11.2020,-6,763,-6,761,ย 2์/๑
23.11.2020,-5,755,-5,754,ย 3์/๑
24.11.2020,-1,752,-2,751, 2์/๑
25.11.2020,-3,749,-4,749,ย 2์/๑
26.11.2020,-4,752,-6,753,ัว 1์/๑
27.11.2020,-5,756,-7,758, 1์/๑
28.11.2020,-1,762,-2,764,ย 2์/๑
29.11.2020,-2,770,-6,772,ย 2์/๑
30.11.2020,-9,773,-10,773,ย 2์/๑
1.12.2020,-7,771,-8,771,ย 3์/๑
2.12.2020,-13,770,-15,770,ย 1์/๑
3.12.2020,-12,770,-16,770,ว 1์/๑
4.12.2020,-11,770,-16,770,ว 1์/๑
5.12.2020,-12,771,-15,771,ว 1์/๑
6.12.2020,-13,772,-13,772,ว 1์/๑
7.12.2020,-6,769,-7,768,ั 2์/๑
8.12.2020,-5,767,-7,767,ัว 3์/๑
9.12.2020,-7,767,-10,767,ุ
10.12.2020,-8,767,-9,767,ว 1์/๑
11.12.2020,-14,768,-16,768,ย 2์/๑
12.12.2020,-10,769,-13,769,ย 1์/๑
13.12.2020,-15,768,-17,767,ย 2์/๑
14.12.2020,-14,765,-15,764,ย 3์/๑
15.12.2020,-13,762,-13,761,ย 2์/๑
16.12.2020,-8,757,-8,756,ย 2์/๑
17.12.2020,-7,754,-7,752,ว 1์/๑
18.12.2020,0,751,-3,754,ว 1์/๑
19.12.2020,-13,761,-15,764,ัว 1์/๑
20.12.2020,-14,767,-15,767,ย 1์/๑
21.12.2020,-15,767,-17,767,ว 1์/๑
22.12.2020,-9,762,-10,761,ว 2์/๑
23.12.2020,-9,758,-10,758,ว 1์/๑
24.12.2020,-9,758,-13,758,ว 1์/๑
25.12.2020,-10,758,-13,758,ว 1์/๑
26.12.2020,-11,755,-8,752,ย 2์/๑
27.12.2020,-3,752,-4,754,ว 2์/๑
28.12.2020,-4,762,-9,763,ุ
29.12.2020,-8,765,-9,765,ัย 1์/๑
30.12.2020,-9,764,-9,764, 1์/๑
31.12.2020,-10,763,-11,762,ย 2์/๑
1.1.2021,-9,761,-11,761,ย 2์/๑
2.1.2021,-12,761,-11,760,ย 3์/๑
3.1.2021,-6,762,-5,764,ย 1์/๑
4.1.2021,-4,767,-3,767,ย 1์/๑
5.1.2021,-6,766,-9,766,ว 2์/๑
6.1.2021,-13,764,-15,764,ย 3์/๑
7.1.2021,-12,759,-11,758,ย 3์/๑
8.1.2021,-8,755,-9,752,ย 4์/๑
9.1.2021,-3,751,-3,748,ย 2์/๑
10.1.2021,-3,741,-6,745,ว 3์/๑
11.1.2021,-15,749,-19,750,ั 2์/๑
12.1.2021,-17,754,-18,755,ย 2์/๑
13.1.2021,-17,759,-16,758,ย 3์/๑
14.1.2021,-11,749,-10,747,ย 3์/๑
15.1.2021,-6,743,-6,740,ัย 3์/๑
16.1.2021,-7,740,-5,739,ว 3์/๑
17.1.2021,-14,746,-18,749,ว 2์/๑
18.1.2021,-18,751,-17,749,ว 1์/๑
19.1.2021,-16,746,-21,747,ว 2์/๑
20.1.2021,-19,749,-21,751,ว 2์/๑
21.1.2021,-14,752,-12,752,ว 3์/๑
22.1.2021,-10,750,-14,753,ว 2์/๑
23.1.2021,-9,755,-8,754,ย 2์/๑
24.1.2021,+3,757,0,758,ว 1์/๑
25.1.2021,-2,759,-3,759,ย 2์/๑
26.1.2021,-7,758,-7,758,ย 2์/๑
27.1.2021,-7,756,-7,755,ย 2์/๑
28.1.2021,-7,751,-7,749,ย 3์/๑
29.1.2021,-3,745,-4,744,ย 1์/๑
30.1.2021,-3,746,-2,746,ย 3์/๑
31.1.2021,-3,747,-3,744,ย 2์/๑
1.2.2021,-2,752,-4,754,ว 2์/๑
2.2.2021,+1,749,-4,751,ว 2์/๑
3.2.2021,-6,751,-5,749,ย 2์/๑
4.2.2021,+2,744,+1,744, 2์/๑
5.2.2021,+1,735,+1,733,ย 3์/๑
6.2.2021,-10,736,-14,738,ว 4์/๑
7.2.2021,-18,740,-19,741,ว 3์/๑
8.2.2021,-19,747,-21,751,ว 3์/๑
9.2.2021,-17,757,-17,756,ว 2์/๑
10.2.2021,-15,752,-16,753,ย 2์/๑
11.2.2021,-10,752,-9,751,ย 3์/๑
12.2.2021,-6,750,-4,749,ย 3์/๑
13.2.2021,-1,743,-3,743,ย 2์/๑
14.2.2021,-10,744,-15,747,ว 2์/๑
15.2.2021,-15,750,-19,752,ว 2์/๑
16.2.2021,-16,757,-20,758,ว 2์/๑
17.2.2021,-16,756,-19,755,ย 2์/๑
18.2.2021,-13,750,-19,752,ั 1์/๑
19.2.2021,-15,750,-18,751,ว 3์/๑
20.2.2021,-15,757,-22,758,ว 2์/๑
21.2.2021,-16,757,-20,757,ุ
22.2.2021,-17,752,-22,753,ัว 2์/๑
23.2.2021,-24,756,-25,759,ัว 3์/๑
24.2.2021,-19,761,-22,762,ัว 3์/๑
25.2.2021,-19,757,-17,752,ย 1์/๑
26.2.2021,-13,749,-12,743,ย 3์/๑
27.2.2021,+3,735,-9,737,ว 2์/๑
28.2.2021,-12,743,-12,746,ั 2์/๑
1.3.2021,-9,752,-12,752,ัว 2์/๑
2.3.2021,-3,741,-2,740,ว 3์/๑
3.3.2021,0,740,-3,743,ัว 2์/๑
4.3.2021,-2,738,+1,738,ว 2์/๑
5.3.2021,-1,741,-7,745,ัว 2์/๑
6.3.2021,-4,748,-7,747,ัว 1์/๑
7.3.2021,-5,745,-7,743,ว 3์/๑
8.3.2021,-1,739,-2,740,ว 3์/๑
9.3.2021,-2,743,-7,743,ัย 1์/๑
10.3.2021,-12,746,-16,749,ัว 3์/๑
11.3.2021,-10,752,-14,754,ว 4์/๑
12.3.2021,-4,759,-10,761,ว 1์/๑
13.3.2021,-7,762,-13,761,ว 2์/๑
14.3.2021,-5,759,-9,759, 3์/๑
15.3.2021,-3,758,-10,759,ว 2์/๑
16.3.2021,-3,760,-8,759,ย 2์/๑
17.3.2021,-3,754,-5,752,ย 4์/๑
18.3.2021,0,743,-1,743,ย 2์/๑
19.3.2021,0,738,-2,739,ั 2์/๑
20.3.2021,-1,743,-2,744,ัว 2์/๑
21.3.2021,0,743,-4,744,ว 2์/๑
22.3.2021,+1,744,0,745, 2์/๑
23.3.2021,+3,747,0,748, 2์/๑
24.3.2021,+2,749,0,749,ย 2์/๑
25.3.2021,+4,748,+2,748,ัย 3์/๑
26.3.2021,+6,746,-1,746,ย 2์/๑
27.3.2021,+5,746,+3,749,ัว 1์/๑
28.3.2021,+4,754,+2,756,ัย 3์/๑
29.3.2021,+6,761,+3,761,ย 2์/๑
30.3.2021,+9,764,-2,763,ัว 1์/๑
31.3.2021,+5,759,+3,757,ว 4์/๑
1.4.2021,+6,752,+6,751,ว 3์/๑
2.4.2021,+9,748,+2,747, 1์/๑
3.4.2021,+7,742,+3,741,ย 2์/๑
4.4.2021,+6,742,+2,744,ัว 2์/๑
5.4.2021,+8,746,+4,747,ว 2์/๑
6.4.2021,+2,743,+2,741,ย 4์/๑
7.4.2021,+8,747,+5,749,ว 1์/๑
8.4.2021,+13,747,+9,749,ย 2์/๑
9.4.2021,+5,753,+2,755,ั 2์/๑
10.4.2021,+16,753,+15,753,ย 2์/๑
11.4.2021,+19,758,+11,759,ย 2์/๑
12.4.2021,+22,762,+18,763,ย 1์/๑
13.4.2021,+23,762,+17,761, 2์/๑
14.4.2021,+21,757,+17,755,ย 3์/๑
15.4.2021,+24,752,+17,752,ย 2์/๑
16.4.2021,+25,751,+17,752,ั 1์/๑
17.4.2021,+22,752,+16,752,ย 3์/๑
18.4.2021,+18,751,+14,752,ัย 3์/๑
19.4.2021,+12,754,+7,756,ย 4์/๑
20.4.2021,+12,758,+8,757,ย 4์/๑
21.4.2021,+3,756,+3,756,ย 3์/๑
22.4.2021,+11,756,+6,758,ย 3์/๑
23.4.2021,+15,754,+9,753,ย 2์/๑
24.4.2021,+10,746,+9,745,ย 1์/๑
25.4.2021,+8,749,+8,749,ว 3์/๑
26.4.2021,+15,749,+9,749,ว 3์/๑
27.4.2021,+8,746,+7,746,ว 2์/๑
28.4.2021,+12,748,+7,749,ว 5์/๑
29.4.2021,+14,752,+10,753,ว 3์/๑
30.4.2021,+16,755,+14,753,ว 2์/๑
1.5.2021,+16,749,+16,747, 2์/๑
2.5.2021,+18,751,+14,752,ว 2์/๑
3.5.2021,+24,749,+20,747, 2์/๑
4.5.2021,+26,740,+16,740,ว 3์/๑
5.5.2021,+11,745,+11,747,ว 3์/๑
6.5.2021,+21,751,+17,750,ว 3์/๑
7.5.2021,+22,749,+18,749,ว 3์/๑
8.5.2021,+22,749,+18,749,ว 2์/๑
9.5.2021,+25,747,+20,748, 3์/๑
10.5.2021,+26,750,+21,752,ย 2์/๑
11.5.2021,+25,756,+18,757,ย 3์/๑
12.5.2021,+23,756,+20,756,ย 3์/๑
13.5.2021,+28,755,+23,754,ย 3์/๑
14.5.2021,+32,753,+26,753, 4์/๑
15.5.2021,+33,753,+27,752, 2์/๑
16.5.2021,+33,751,+21,751,ว 3์/๑
17.5.2021,+33,750,+22,750, 2์/๑
18.5.2021,+33,749,+26,748,ัว 2์/๑
19.5.2021,+31,748,+25,748,ย 2์/๑
20.5.2021,+19,748,+18,746,ย 2์/๑
21.5.2021,+26,750,+24,750,ว 2์/๑
22.5.2021,+34,746,+25,748,ว 3์/๑
23.5.2021,+35,746,+31,746, 2์/๑
24.5.2021,+24,749,+22,749,ัว 3์/๑
25.5.2021,+24,748,+16,750,ัว 3์/๑
26.5.2021,+23,752,+18,752,ั 2์/๑
27.5.2021,+24,753,+20,752,ั 1์/๑
28.5.2021,+29,748,+25,746,ัย 2์/๑
29.5.2021,+26,743,+21,742,ย 1์/๑
30.5.2021,+28,741,+21,743,ว 2์/๑
31.5.2021,+16,746,+15,746,ัย 3์/๑
1.6.2021,+23,746,+20,746,ัว 2์/๑
2.6.2021,+21,747,+15,748,ั 2์/๑
3.6.2021,+19,746,+19,747,ัย 2์/๑
4.6.2021,+13,750,+12,752,ย 4์/๑
5.6.2021,+22,752,+17,752,ย 3์/๑
6.6.2021,+25,748,+21,748,ย 2์/๑
7.6.2021,+26,746,+17,746,ย 2์/๑
8.6.2021,+28,745,+18,745,ั 1์/๑
9.6.2021,+28,744,+22,745,ัว 1์/๑
10.6.2021,+22,746,+17,748,ัย 2์/๑
11.6.2021,+25,747,+17,748,ย 2์/๑
12.6.2021,+21,747,+20,747,ว 2์/๑
13.6.2021,+27,748,+22,749,ย 1์/๑
14.6.2021,+29,749,+20,749,ัย 2์/๑
15.6.2021,+29,747,+25,746,ย 2์/๑
16.6.2021,+29,744,+25,745,ว 3์/๑
17.6.2021,+25,749,+18,752,ัว 2์/๑
18.6.2021,+22,755,+18,757,ั 3์/๑
19.6.2021,+25,756,+22,755,ว 3์/๑
20.6.2021,+31,753,+23,753,ัว 2์/๑
21.6.2021,+32,754,+23,754,ว 2์/๑
22.6.2021,+33,754,+25,753,ว 2์/๑
23.6.2021,+34,752,+26,752,ัว 2์/๑
24.6.2021,+26,752,+24,751,ัว 1์/๑
25.6.2021,+34,749,+21,749,ว 1์/๑
26.6.2021,+35,746,+27,747,ัว 2์/๑
27.6.2021,+33,747,+29,747,ว 1์/๑
28.6.2021,+34,747,+31,746,ว 2์/๑
29.6.2021,+36,743,+30,742,ย 3์/๑
30.6.2021,+31,744,+20,744,ว 3์/๑
1.7.2021,+28,744,+22,744,ว 2์/๑
2.7.2021,+26,743,+22,743,ว 1์/๑
3.7.2021,+29,743,+24,743,ัว 1์/๑
4.7.2021,+27,743,+22,744,ั 2์/๑
5.7.2021,+22,746,+21,747,ัย 2์/๑
6.7.2021,+26,747,+23,749,ย 2์/๑
7.7.2021,+27,752,+23,752,ัย 3์/๑
8.7.2021,+29,750,+26,750,ั 2์/๑
9.7.2021,+32,749,+27,749,ั 2์/๑
10.7.2021,+33,746,+23,746,ัว 2์/๑
11.7.2021,+27,746,+22,748,ั 2์/๑
12.7.2021,+26,749,+23,750,ั 3์/๑
13.7.2021,+30,748,+23,748,ัว 2์/๑
14.7.2021,+30,748,+25,748,ั 1์/๑
16.7.2021,+30,744,+21,744,ย 1์/๑
17.7.2021,+32,743,+27,744,ว 1์/๑
18.7.2021,+33,743,+28,743,ว 2์/๑
19.7.2021,+34,743,+26,743,ว 2์/๑
20.7.2021,+25,742,+22,742,ว 5์/๑
21.7.2021,+30,742,+26,741,ว 2์/๑
22.7.2021,+21,739,+19,740,ัว 3์/๑
23.7.2021,+24,741,+20,742,ั 1์/๑
24.7.2021,+26,744,+21,747,ัว 3์/๑
25.7.2021,+23,753,+20,754,ัว 2์/๑
26.7.2021,+24,755,+18,754,ว 2์/๑
27.7.2021,+27,750,+23,749,ว 3์/๑
28.7.2021,+26,749,+22,749,ัว 2์/๑
29.7.2021,+23,746,+23,744,ย 1์/๑
30.7.2021,+29,743,+24,744,ว 3์/๑
31.7.2021,+30,743,+25,746,ว 3์/๑
1.8.2021,+32,748,+23,748,ว 3์/๑
2.8.2021,+34,748,+27,748,ว 2์/๑
3.8.2021,+37,746,+27,746,ว 2์/๑
4.8.2021,+34,745,+25,746,ว 2์/๑
5.8.2021,+27,749,+22,749,ัว 2์/๑
6.8.2021,+28,749,+23,750,ว 2์/๑
7.8.2021,+30,750,+25,751,ย 1์/๑
8.8.2021,,,+28,753,ุ
9.8.2021,+30,753,+27,752,ว 2์/๑
10.8.2021,+32,751,+27,751,ัว 2์/๑
11.8.2021,+30,750,+24,751,ัย 3์/๑
12.8.2021,+32,752,+26,752,ย 2์/๑
13.8.2021,+32,752,+27,752, 2์/๑
14.8.2021,+32,751,+23,751, 2์/๑
15.8.2021,+28,752,+25,751,ย 2์/๑
16.8.2021,+35,750,+25,751,ว 2์/๑
17.8.2021,+34,751,+30,750,ว 2์/๑
18.8.2021,+34,749,+25,749,ว 2์/๑
19.8.2021,+38,749,+32,749,ัว 2์/๑
20.8.2021,+39,749,+31,749,ย 1์/๑
21.8.2021,+38,749,+32,749, 2์/๑
22.8.2021,+35,747,+28,749,ว 3์/๑
23.8.2021,+29,750,+21,750,ัว 2์/๑
24.8.2021,+35,746,+29,746,ย 1์/๑
25.8.2021,+26,747,+21,749,ัว 4์/๑
26.8.2021,+26,750,+20,752,ั 2์/๑
27.8.2021,+25,752,+19,752,ั 2์/๑
28.8.2021,+23,751,+19,752,ัย 2์/๑
29.8.2021,+22,752,+17,752,ัว 2์/๑
30.8.2021,+24,753,+16,753,ว 2์/๑
31.8.2021,+28,750,+20,749,ว 2์/๑
1.9.2021,+30,744,+24,742,ว 3์/๑
2.9.2021,+17,741,+16,739, 1์/๑
3.9.2021,+16,734,+13,735,ว 1์/๑
4.9.2021,+14,740,+11,743,ว 3์/๑
5.9.2021,+15,749,+11,751,ว 3์/๑
6.9.2021,+13,752,+8,754,ั 1์/๑
7.9.2021,+15,755,+11,755,ว 3์/๑
8.9.2021,+17,752,+13,752,ว 3์/๑
9.9.2021,+16,746,+17,746,ว 4์/๑
10.9.2021,+16,745,+11,748,ว 1์/๑
11.9.2021,+16,752,+8,753,ั 2์/๑
12.9.2021,+21,750,+16,749,ว 2์/๑
13.9.2021,+24,747,+20,746,ว 2์/๑
14.9.2021,+25,743,+17,743,ว 3์/๑
15.9.2021,+17,743,+11,744,ว 4์/๑
16.9.2021,+13,746,+9,747,ว 3์/๑
17.9.2021,+9,749,+8,749,ว 2์/๑
18.9.2021,+11,752,+7,755,ัว 3์/๑
19.9.2021,+12,756,+7,756,ั 1์/๑
20.9.2021,+13,756,+10,756,ย 2์/๑
21.9.2021,+11,752,+11,751,ย 4์/๑
22.9.2021,+10,752,+9,752,ย 2์/๑
23.9.2021,+9,753,+10,751,ย 3์/๑
24.9.2021,+8,749,+9,746,ย 2์/๑
25.9.2021,+14,744,+9,745,ั 1์/๑
26.9.2021,+15,743,+12,741,ย 1์/๑
27.9.2021,+12,744,+9,748,ย 3์/๑
28.9.2021,+10,754,+6,756,ัย 4์/๑
29.9.2021,+9,758,+8,759,ัย 3์/๑
30.9.2021,+10,759,+8,760,ว 1์/๑
1.10.2021,+13,761,+10,761,ว 2์/๑
2.10.2021,+11,761,+8,761,ั 1์/๑
3.10.2021,+10,761,+9,762,ั 1์/๑
4.10.2021,+11,764,+6,766,ัย 2์/๑
5.10.2021,+9,770,+6,770, 1์/๑
6.10.2021,+9,770,+7,769,ั 1์/๑
7.10.2021,+10,770,+3,770,ว 2์/๑
8.10.2021,+13,767,+4,765,ว 2์/๑
9.10.2021,+14,761,+6,761,ั 2์/๑
10.10.2021,+14,760,+5,760,ัว 1์/๑
11.10.2021,+12,759,+4,758,ว 1์/๑
12.10.2021,+14,758,+10,758,ย 1์/๑
13.10.2021,+16,758,+9,759,ย 2์/๑
14.10.2021,+14,757,+11,755,ย 2์/๑
15.10.2021,+10,754,+7,755,ว 3์/๑
16.10.2021,+11,755,+6,755,ว 2์/๑
17.10.2021,+11,752,+9,750,ุ
18.10.2021,+9,745,+9,743,ย 2์/๑
19.10.2021,+7,746,+5,746,ัว 1์/๑
20.10.2021,+4,749,+3,752,ัว 3์/๑
21.10.2021,+3,744,,,
24.10.2021,+9,748,+6,749,ว 2์/๑
25.10.2021,+4,752,+1,756,ัว 2์/๑
26.10.2021,+3,757,+2,757,ว 3์/๑
27.10.2021,+8,753,+5,752,ว 2์/๑
28.10.2021,+8,749,+4,749,ว 2์/๑
29.10.2021,+2,758,+1,759,ัว 1์/๑
30.10.2021,+7,757,+7,758,ว 2์/๑
31.10.2021,+11,756,+7,756,ว 2์/๑
1.11.2021,+10,755,+7,754,ว 2์/๑
2.11.2021,+6,758,+6,759,ย 2์/๑
3.11.2021,+2,764,-1,765,ย 2์/๑
4.11.2021,+1,767,+2,766,ย 2์/๑
5.11.2021,+2,765,+2,764,ย 1์/๑
6.11.2021,+6,756,+5,753, 2์/๑
7.11.2021,+6,747,+4,751,ว 3์/๑
8.11.2021,+5,750,+6,747,ย 2์/๑
9.11.2021,+8,744,+4,746,ว 2์/๑
10.11.2021,-3,757,-4,760,ัว 2์/๑
11.11.2021,-1,757,-1,752,ว 2์/๑
12.11.2021,0,747,-1,743, 2์/๑
13.11.2021,-1,745,0,750,ัว 2์/๑
14.11.2021,0,757,-4,757,ัว 2์/๑
15.11.2021,-5,755,-9,759,ัย 1์/๑
16.11.2021,-5,756,-3,752,ว 3์/๑
17.11.2021,0,753,-1,755,ุ
18.11.2021,0,758,-2,755,ว 1์/๑
19.11.2021,-3,751,-1,747,ย 2์/๑
20.11.2021,0,734,0,728, 2์/๑
21.11.2021,+1,731,+1,734,ว 2์/๑
22.11.2021,+1,737,-1,741,ว 2์/๑
23.11.2021,-4,748,-7,749,ว 2์/๑
24.11.2021,-7,752,-10,751,ว 1์/๑
25.11.2021,-1,747,-1,751,ว 3์/๑
26.11.2021,+1,754,-1,755,ว 2์/๑
27.11.2021,-1,756,-5,755,ย 1์/๑
28.11.2021,-1,750,-1,751,ย 2์/๑
29.11.2021,+1,751,0,749,ย 2์/๑
30.11.2021,+2,735,+4,735, 2์/๑
1.12.2021,+2,729,0,732,ย 1์/๑
2.12.2021,-1,741,-2,743,ว 2์/๑
3.12.2021,+2,746,+3,749,ว 2์/๑
4.12.2021,+4,744,+1,746, 2์/๑
5.12.2021,-2,750,-3,751,ุ
6.12.2021,-4,757,-4,759,ัย 1์/๑
7.12.2021,-10,762,-12,762,ย 3์/๑
8.12.2021,0,758,0,758,ย 1์/๑
9.12.2021,-2,754,-2,754,ย 3์/๑
10.12.2021,-2,755,-3,758,ั 2์/๑
11.12.2021,-7,762,-8,764,ัย 1์/๑
12.12.2021,-4,769,-6,769,ย 1์/๑
13.12.2021,-7,767,-7,767,ย 2์/๑
14.12.2021,-4,761,-4,761, 2์/๑
15.12.2021,-5,757,-4,755, 1์/๑
16.12.2021,-3,749,-2,747,ว 1์/๑
17.12.2021,-2,746,-2,747,ว 1์/๑
18.12.2021,-2,743,-3,740,ย 1์/๑
19.12.2021,-3,737,-4,736,ว 2์/๑
20.12.2021,0,734,0,737,ว 1์/๑
21.12.2021,-2,739,-6,740,ว 1์/๑
22.12.2021,-13,743,-15,743,ย 1์/๑
23.12.2021,-19,748,-21,750,ว 1์/๑
24.12.2021,-21,755,-22,755,ว 1์/๑
25.12.2021,-13,751,-6,745,ย 4์/๑
26.12.2021,-7,745,-14,746,ุ
27.12.2021,-11,750,-14,752,ว 2์/๑
28.12.2021,-15,757,-18,758,ุ
29.12.2021,-20,762,-20,762,ย 1์/๑
30.12.2021,-12,757,-11,756,ย 2์/๑
31.12.2021,-8,751,-8,749,ย 2์/๑
1.1.2022,-4,743,-3,740, 1์/๑
2.1.2022,-3,734,-8,739,ว 2์/๑
3.1.2022,-11,740,-16,740,ว 2์/๑
4.1.2022,-15,741,-14,743,ย 2์/๑
5.1.2022,-16,749,-19,748,ว 1์/๑
6.1.2022,-7,741,0,737,ย 2์/๑
7.1.2022,0,739,0,740,ว 2์/๑
8.1.2022,-8,753,-11,758,ว 2์/๑
9.1.2022,-11,762,-15,761,ย 2์/๑
10.1.2022,-12,755,-12,754,ย 2์/๑
11.1.2022,-8,752,-8,753,ย 1์/๑
12.1.2022,-7,755,-8,755,ย 2์/๑
13.1.2022,-9,749,-8,744,ย 3์/๑
14.1.2022,-15,728,-10,722, 2์/๑
15.1.2022,-10,719,-13,726,ัว 3์/๑
16.1.2022,-6,736,-6,740,ว 2์/๑
17.1.2022,-6,743,-7,742,ว 2์/๑
18.1.2022,-2,744,-2,747, 2์/๑
19.1.2022,-5,749,-6,751,ย 2์/๑
20.1.2022,-9,752,-11,752,ย 1์/๑
21.1.2022,-11,752,-13,753,ย 1์/๑
22.1.2022,-7,754,-7,755,ย 3์/๑
23.1.2022,-10,761,-10,761,ย 3์/๑
24.1.2022,-11,763,-13,763,ย 2์/๑
25.1.2022,-14,758,-16,755,ย 2์/๑
26.1.2022,-11,750,-12,751,ว 1์/๑
27.1.2022,-8,753,-7,753,ุ
28.1.2022,-7,751,-8,749,ย 2์/๑
29.1.2022,-12,747,-13,746,ย 1์/๑
30.1.2022,-2,740,-4,742,ย 1์/๑
31.1.2022,-3,745,-2,745,ย 3์/๑
1.2.2022,0,744,-2,745, 2์/๑
2.2.2022,-2,750,0,750, 1์/๑
3.2.2022,0,748,0,747, 2์/๑
4.2.2022,-2,742,-4,741,ย 2์/๑
5.2.2022,-4,741,-4,742,ุ
6.2.2022,-3,743,-4,744,ว 1์/๑
7.2.2022,-5,747,-7,749,ว 1์/๑
8.2.2022,-5,751,-5,751, 1์/๑
9.2.2022,-2,751,-4,752,ย 2์/๑
10.2.2022,-6,746,-6,745,ย 3์/๑
11.2.2022,-1,746,-1,746,ว 2์/๑
12.2.2022,+1,748,-4,749,ว 1์/๑
13.2.2022,-4,749,-4,750,ว 3์/๑
14.2.2022,-2,755,-6,753, 1์/๑
15.2.2022,-4,754,-8,755,ว 2์/๑
16.2.2022,-7,757,-12,757,ว 1์/๑
17.2.2022,-11,753,-12,752,ย 2์/๑
18.2.2022,-5,749,-7,749,ย 3์/๑
19.2.2022,-5,749,-4,748,ย 2์/๑
20.2.2022,+1,740,+1,740,ว 3์/๑
21.2.2022,+1,744,-2,746,ว 2์/๑
22.2.2022,0,747,+2,747, 1์/๑
23.2.2022,+1,746,0,747,ว 3์/๑
24.2.2022,+1,755,0,756,ว 1์/๑
25.2.2022,-2,760,-5,759,ย 2์/๑
26.2.2022,-1,755,0,755,ย 2์/๑
27.2.2022,+1,755,0,758,ย 3์/๑
28.2.2022,+2,758,-1,758,ย 2์/๑
1.3.2022,+1,758,-6,758,ัว 1์/๑
2.3.2022,-5,758,-5,755,ย 1์/๑
3.3.2022,-5,750,-6,749,ย 1์/๑
4.3.2022,-2,742,-2,740,ัย 2์/๑
5.3.2022,-2,730,-4,732,ัย 3์/๑
6.3.2022,-9,740,-10,743,ัว 3์/๑
7.3.2022,-3,744,-9,747,ุ
8.3.2022,-7,749,-8,750,ย 2์/๑
9.3.2022,-7,752,-8,753,ัย 2์/๑
10.3.2022,-6,756,-10,758,ัย 2์/๑
11.3.2022,-7,755,-10,755,ัย 3์/๑
12.3.2022,-7,754,-10,755,ัย 2์/๑
13.3.2022,-5,755,-9,754,ว 1์/๑
14.3.2022,-8,752,-10,752,ย 1์/๑
15.3.2022,-6,756,-9,758,ย 4์/๑
16.3.2022,-8,760,-8,761,ย 4์/๑
17.3.2022,-3,764,-6,764,ั 2์/๑
18.3.2022,0,766,-9,767,ัย 2์/๑
19.3.2022,+2,766,-2,764,ว 1์/๑
20.3.2022,+5,755,+3,753,ว 1์/๑
21.3.2022,0,749,-1,755,ั 2์/๑
22.3.2022,+5,758,-1,757,ัว 2์/๑
23.3.2022,+7,755,+1,755,ว 2์/๑
24.3.2022,+6,752,0,752,ว 2์/๑
25.3.2022,+7,751,+3,751,ว 1์/๑
26.3.2022,+5,743,-2,740, 2์/๑
27.3.2022,+1,732,0,734,ว 2์/๑
28.3.2022,-3,742,-4,743,ัว 2์/๑
29.3.2022,+5,737,+2,741,ว 4์/๑
30.3.2022,+4,743,+3,747,ว 2์/๑
31.3.2022,+1,749,+1,749,ย 1์/๑
1.4.2022,+7,748,+4,746,ว 1์/๑
2.4.2022,+9,743,+5,743, 1์/๑
3.4.2022,+11,737,+8,737,ว 3์/๑
4.4.2022,+5,735,+2,739,ว 4์/๑
5.4.2022,+4,747,+2,749,ว 3์/๑
6.4.2022,+7,746,+5,745, 3์/๑
7.4.2022,+8,749,+7,750,ว 2์/๑
8.4.2022,+16,749,+11,749,ย 2์/๑
9.4.2022,+8,746,+7,746,ย 2์/๑
10.4.2022,+11,749,+8,751,ย 1์/๑
11.4.2022,+16,749,+12,749,ย 2์/๑
12.4.2022,+14,747,+12,748,ัย 2์/๑
13.4.2022,+15,746,+11,744,ย 3์/๑
14.4.2022,+11,743,+7,743,ย 2์/๑
15.4.2022,+5,743,+3,747,ว 2์/๑
16.4.2022,+11,752,+7,752,ว 1์/๑
17.4.2022,+16,751,+13,751, 1์/๑
18.4.2022,+18,752,+12,752,ย 1์/๑
19.4.2022,+21,752,+18,750, 1์/๑
20.4.2022,+17,749,+11,750,ัย 1์/๑
21.4.2022,+9,751,+10,752,ัย 2์/๑
22.4.2022,+15,750,+10,749,ัย 3์/๑
23.4.2022,+13,749,+8,750,ย 2์/๑
24.4.2022,+14,751,+12,751,ว 1์/๑
25.4.2022,+19,750,+16,750,ว 2์/๑
26.4.2022,+23,748,+20,747, 3์/๑
27.4.2022,+17,748,+17,746,ว 2์/๑
28.4.2022,+14,751,+8,754,ัว 2์/๑
29.4.2022,+10,756,+8,757,ัว 2์/๑
30.4.2022,+13,752,+11,750,ุ
1.5.2022,+8,752,+6,754,ัว 3์/๑
2.5.2022,+13,753,+9,752,ว 2์/๑
3.5.2022,+17,749,+13,749,ว 2์/๑
4.5.2022,+19,745,+13,746,ว 3์/๑
5.5.2022,+7,750,+4,755,ัว 3์/๑
6.5.2022,+11,759,+9,761,ัว 2์/๑
7.5.2022,+15,761,+8,760,ว 1์/๑
8.5.2022,+18,756,+11,755,ว 1์/๑
9.5.2022,+19,748,+17,745,ย 2์/๑
10.5.2022,+9,737,+8,737,ัว 2์/๑
11.5.2022,+12,745,+7,745, 3์/๑
12.5.2022,+10,740,+8,741,ัว 2์/๑
13.5.2022,+16,738,+11,741,ว 2์/๑
14.5.2022,+17,742,+15,742,ว 2์/๑
15.5.2022,+16,740,+11,739,ว 2์/๑
16.5.2022,+17,739,+13,740,ว 2์/๑
17.5.2022,+14,740,+11,740,ว 2์/๑
18.5.2022,+11,740,+10,743,ว 2์/๑
19.5.2022,+12,745,+7,746,ว 2์/๑
20.5.2022,+12,743,+8,743,ั 1์/๑
21.5.2022,+10,743,+7,743,ัว 4์/๑
22.5.2022,+14,737,+11,737,ว 2์/๑
23.5.2022,+13,737,+11,740,ว 2์/๑
24.5.2022,+16,742,+13,743,ว 3์/๑
25.5.2022,+11,746,+7,748,ว 2์/๑
26.5.2022,+16,748,+12,747,ว 3์/๑
27.5.2022,+19,740,+13,741,ว 2์/๑
28.5.2022,+19,743,+15,744, 1์/๑
29.5.2022,+19,751,+14,752,ว 2์/๑
30.5.2022,+21,753,+14,754,ั 1์/๑
31.5.2022,+23,755,+19,754,ัว 2์/๑
1.6.2022,+23,755,+17,756,ัย 2์/๑
2.6.2022,+25,756,+18,755,ว 2์/๑
3.6.2022,+27,753,+20,752,ว 2์/๑
4.6.2022,+19,750,+18,749,ุ
5.6.2022,+24,748,+20,747, 1์/๑
6.6.2022,+16,742,+14,739,ัย 2์/๑
7.6.2022,+15,741,+14,742,ว 4์/๑
8.6.2022,+12,743,+12,743,ว 3์/๑
9.6.2022,+17,744,+16,745,ัว 2์/๑
10.6.2022,+26,745,+19,745,ัว 2์/๑
11.6.2022,+25,745,+20,745,ั 2์/๑
12.6.2022,+19,746,+14,746,ัว 2์/๑
13.6.2022,+21,748,+16,748,ว 2์/๑
14.6.2022,+26,749,+19,749,ว 2์/๑
15.6.2022,+28,749,+22,748,ว 2์/๑
16.6.2022,+25,747,+23,747,ย 1์/๑
17.6.2022,+23,746,+18,746,ัว 1์/๑
18.6.2022,+25,746,+20,746,ว 2์/๑
19.6.2022,+23,746,+17,746,ัว 2์/๑
20.6.2022,+21,740,+15,740,ว 3์/๑
21.6.2022,+22,740,+18,739,ว 3์/๑
22.6.2022,+28,737,+23,737,ว 2์/๑
23.6.2022,+24,743,+20,743,ั 2์/๑
24.6.2022,+23,743,+19,744,ัย 3์/๑
25.6.2022,+27,746,+23,746,ัว 3์/๑
26.6.2022,+23,749,+19,750,ัว 3์/๑
27.6.2022,+26,749,+23,747,ว 3์/๑
28.6.2022,+19,749,+15,750,ั 2์/๑
29.6.2022,+17,750,+16,749,ั 1์/๑
30.6.2022,+22,745,+17,745,ว 3์/๑
1.7.2022,+15,745,+15,746,ย 1์/๑
2.7.2022,+25,746,+20,746,ัย 3์/๑
3.7.2022,+21,744,+16,744,ัย 3์/๑
4.7.2022,+21,744,+16,746,ั 2์/๑
5.7.2022,+20,749,+17,750,ั 2์/๑
6.7.2022,+25,750,+17,750,ว 3์/๑
7.7.2022,+29,750,+21,750,ว 2์/๑
8.7.2022,+30,751,+25,751, 1์/๑
9.7.2022,+30,749,+25,749,ัว 2์/๑
10.7.2022,+31,749,+26,750,ัย 1์/๑
11.7.2022,+32,751,+27,751,ย 2์/๑
12.7.2022,+27,753,+24,752,ว 3์/๑
13.7.2022,+31,750,+28,748,ย 2์/๑
14.7.2022,+27,745,+23,741,ย 3์/๑
15.7.2022,+25,743,+22,746,ว 4์/๑
16.7.2022,+27,749,+22,749,ว 2์/๑
17.7.2022,+28,749,+25,749,ว 2์/๑
18.7.2022,+31,746,+21,744,ย 3์/๑
19.7.2022,+23,747,+20,748,ว 3์/๑
20.7.2022,+22,746,+18,745,ว 2์/๑
21.7.2022,+26,743,+23,743,ย 3์/๑
22.7.2022,+26,745,+22,745,ย 1์/๑
23.7.2022,+26,746,+24,745,ัว 1์/๑
24.7.2022,+30,743,+22,743,ัย 2์/๑
25.7.2022,+19,742,+20,743,ว 1์/๑
26.7.2022,+28,743,+23,743,ว 2์/๑
27.7.2022,+30,746,+25,747,ัว 3์/๑
28.7.2022,+29,748,+24,749,ัว 3์/๑
29.7.2022,+27,749,+23,749,ัย 2์/๑
30.7.2022,+28,749,+24,749,ว 2์/๑
31.7.2022,+26,749,+22,748,ัว 2์/๑
1.8.2022,+28,748,+23,749,ัว 2์/๑
2.8.2022,+27,749,+24,749,ั 2์/๑
3.8.2022,+28,751,+25,752,ั 2์/๑
4.8.2022,+30,753,+24,753,ัย 1์/๑
5.8.2022,+31,754,+24,754,ัว 1์/๑
6.8.2022,+30,754,+23,753,ย 2์/๑
7.8.2022,+31,752,+23,752,ว 2์/๑
8.8.2022,+32,752,+25,752,ั 2์/๑
9.8.2022,+30,752,+22,752,ั 1์/๑
10.8.2022,+32,751,+26,752,ว 2์/๑
11.8.2022,+29,753,+23,754,ั 2์/๑
12.8.2022,+27,755,+20,755,ว 2์/๑
13.8.2022,+29,752,+24,752,ัว 2์/๑
14.8.2022,+29,752,+23,753,ั 1์/๑
15.8.2022,+27,754,+23,754,ัย 3์/๑
16.8.2022,+28,755,+24,755,ัย 3์/๑
17.8.2022,+29,753,+25,752,ย 2์/๑
18.8.2022,+27,754,+22,754,ัย 2์/๑
19.8.2022,+25,760,+19,761,ย 3์/๑
20.8.2022,+26,761,+17,760,ย 2์/๑
21.8.2022,+30,758,+26,758,ัย 3์/๑
22.8.2022,+30,758,+26,758,ย 3์/๑
23.8.2022,+32,760,+25,760,ย 1์/๑
24.8.2022,+32,759,+26,759,ัย 3์/๑
25.8.2022,+31,757,+26,756,ัย 2์/๑
26.8.2022,+32,755,+27,755,ว 2์/๑
27.8.2022,+32,755,+27,755,ย 1์/๑
28.8.2022,+32,755,+23,754,ั 1์/๑
29.8.2022,+32,753,+26,752,ย 2์/๑
30.8.2022,+34,748,+27,747,ว 3์/๑
31.8.2022,+31,745,+29,743,ว 1์/๑
1.9.2022,+25,746,+23,744,ว 1์/๑
2.9.2022,+21,748,+15,749,ว 3์/๑
3.9.2022,+17,755,+13,755,ว 2์/๑
4.9.2022,+13,752,+9,749,ั 1์/๑
5.9.2022,+14,747,+12,748,ว 3์/๑
6.9.2022,+10,745,+9,746,ย 1์/๑
7.9.2022,+14,749,+12,749,ว 3์/๑
8.9.2022,+13,749,+10,749,ว 4์/๑
9.9.2022,+13,749,+9,751,ัว 3์/๑
10.9.2022,+12,754,+8,755,ัว 2์/๑
11.9.2022,+13,755,+11,755,ว 2์/๑
12.9.2022,+14,755,+12,755,ย 2์/๑
13.9.2022,+18,752,+16,752,ย 2์/๑
14.9.2022,+18,748,+12,747,ย 2์/๑
15.9.2022,+16,743,+13,743,ย 1์/๑
16.9.2022,+18,743,+14,743, 1์/๑
17.9.2022,+20,742,+16,744, 1์/๑
18.9.2022,+21,748,+19,746,ย 2์/๑
19.9.2022,+27,746,+23,747, 2์/๑
20.9.2022,+16,751,+15,751,ว 1์/๑
21.9.2022,+17,749,+19,749,ย 2์/๑
22.9.2022,+26,748,+20,747,ย 1์/๑
23.9.2022,+24,743,+20,743,ย 3์/๑
24.9.2022,+17,745,+13,746,ว 3์/๑
25.9.2022,+11,742,+10,742,ุ
26.9.2022,+11,746,+9,748,ว 2์/๑
27.9.2022,+13,752,+11,752,ว 1์/๑
28.9.2022,+10,748,+10,746,ย 4์/๑
29.9.2022,+12,746,+11,748,ย 1์/๑
30.9.2022,+11,755,+9,756,ัย 1์/๑
1.10.2022,+14,756,+10,755,ย 2์/๑
2.10.2022,+16,751,+16,750,ย 2์/๑
3.10.2022,+19,752,+14,754,ย 3์/๑
4.10.2022,+15,757,+12,758,ย 3์/๑
5.10.2022,+8,755,+8,754,ย 2์/๑
6.10.2022,+11,751,+9,752,ว 3์/๑
7.10.2022,+11,750,+10,752,ว 2์/๑
8.10.2022,+15,757,+7,757,ว 1์/๑
9.10.2022,+16,757,+13,756,ว 2์/๑
10.10.2022,+17,754,+13,753,ย 1์/๑
11.10.2022,+10,749,+9,748,ย 2์/๑
12.10.2022,+11,747,+10,747,ัย 2์/๑
13.10.2022,+12,747,+9,749,ัว 2์/๑
14.10.2022,+7,752,+7,752,ว 2์/๑
15.10.2022,+7,756,+6,758,ว 2์/๑
16.10.2022,+10,761,+2,762,ว 1์/๑
17.10.2022,+10,761,+7,759,ว 2์/๑
18.10.2022,+8,752,+7,748,ว 3์/๑
19.10.2022,+10,743,+7,742,ย 1์/๑
20.10.2022,+8,746,+5,746,ัย 2์/๑
21.10.2022,+7,747,+2,749,ัว 2์/๑
22.10.2022,+5,755,-1,757,ัว 1์/๑
23.10.2022,+3,756,+3,755, 1์/๑
24.10.2022,+6,746,+6,745, 2์/๑
25.10.2022,+3,749,+3,751,ัว 1์/๑
26.10.2022,+3,758,+2,760,ัย 1์/๑
27.10.2022,+4,760,+1,760,ย 2์/๑
28.10.2022,+3,756,+3,756,ย 2์/๑
29.10.2022,+3,752,+3,750, 1์/๑
30.10.2022,+4,737,+7,734, 2์/๑
31.10.2022,+3,737,+2,738,ว 1์/๑
1.11.2022,+1,737,+1,736,ัว 3์/๑
2.11.2022,0,735,0,737,ัว 3์/๑
3.11.2022,+1,741,0,743,ั 1์/๑
4.11.2022,+2,748,+2,749,ว 1์/๑
5.11.2022,+3,752,+1,755,ว 2์/๑
6.11.2022,+2,758,+1,758,ว 1์/๑
7.11.2022,+1,757,+1,755,ว 2์/๑
9.11.2022,+5,755,+4,756,ว 3์/๑
10.11.2022,+6,756,+6,757,ว 3์/๑
11.11.2022,+6,756,+6,755,ว 5์/๑
12.11.2022,+6,745,+6,738,ว 4์/๑
13.11.2022,+6,728,+5,731,ว 4์/๑
14.11.2022,-2,740,-3,743,ัว 5์/๑
15.11.2022,-4,747,-4,749,ัว 3์/๑
16.11.2022,-2,749,-4,750,ว 1์/๑
17.11.2022,-2,749,-2,748,ย 4์/๑
18.11.2022,0,746,+1,745,ย 3์/๑
19.11.2022,+1,752,0,754,ั 1์/๑
20.11.2022,0,752,-2,753,ย 2์/๑
21.11.2022,-2,753,-2,752,ย 1์/๑
22.11.2022,-1,753,-2,752,ย 3์/๑
23.11.2022,0,744,+1,743,ย 1์/๑
24.11.2022,+1,748,+1,751,ว 1์/๑
25.11.2022,+1,758,+1,760,ย 2์/๑
26.11.2022,-4,764,-6,764,ย 3์/๑
27.11.2022,-7,764,-7,765,ัย 3์/๑
28.11.2022,-5,767,-8,769,ัย 2์/๑
29.11.2022,-7,770,-11,770,ัย 2์/๑
30.11.2022,-10,770,-9,770,ั 1์/๑
1.12.2022,-7,769,-8,769,ัว 1์/๑
2.12.2022,-10,773,-13,774,ย 2์/๑
3.12.2022,-12,776,-14,777,ย 1์/๑
4.12.2022,-10,776,-11,773,ัว 2์/๑
5.12.2022,-12,768,-14,767,ั 1์/๑
6.12.2022,-10,767,-13,768,ย 1์/๑
7.12.2022,-13,769,-16,768,ย 2์/๑
8.12.2022,-13,768,-15,768,ย 2์/๑
9.12.2022,-10,765,-11,764,ย 1์/๑
10.12.2022,-7,761,-9,761,ย 3์/๑
11.12.2022,-6,759,-6,760,ย 2์/๑
12.12.2022,-6,759,-9,759,ย 2์/๑
13.12.2022,-6,760,-8,759,ย 3์/๑
14.12.2022,-5,756,-5,756,ย 3์/๑
15.12.2022,-5,760,-6,761,ย 1์/๑
16.12.2022,-4,758,-3,760,ย 1์/๑
17.12.2022,-3,759,-3,758,ย 2์/๑
18.12.2022,+1,751,+1,749,ว 1์/๑
19.12.2022,-6,753,-7,755,ว 3์/๑
20.12.2022,-8,755,-5,754,ว 2์/๑
21.12.2022,-5,755,-6,757,ย 2์/๑
22.12.2022,-2,752,-1,750, 3์/๑
23.12.2022,+1,752,+1,754, 2์/๑
24.12.2022,-2,755,-3,755, 2์/๑
25.12.2022,-7,755,-6,755,ย 2์/๑
26.12.2022,-4,758,-4,758,ั 1์/๑
27.12.2022,-3,758,-5,757,ัย 1์/๑
28.12.2022,-6,753,-9,752,ย 2์/๑
29.12.2022,-7,751,-7,752,ย 1์/๑
30.12.2022,-6,755,-5,755,ย 1์/๑
31.12.2022,-3,751,-2,749,ย 3์/๑
1.1.2023,0,750,0,747,ว 1์/๑
2.1.2023,+2,737,+1,743,ัว 4์/๑
3.1.2023,-1,747,-3,743,ว 2์/๑
4.1.2023,-2,739,-6,743,ัว 1์/๑
5.1.2023,-6,743,-3,742, 2์/๑
6.1.2023,-13,739,-23,743,ัว 3์/๑
7.1.2023,-24,749,-27,752,ัว 2์/๑
8.1.2023,-22,754,-23,757,ัว 4์/๑
9.1.2023,-25,766,-28,769,ัว 1์/๑
10.1.2023,-23,775,-24,776,ว 1์/๑
11.1.2023,-21,777,-23,776,ว 1์/๑
12.1.2023,-15,772,-14,771, 1์/๑
13.1.2023,-14,768,-13,767,ย 1์/๑
14.1.2023,-12,768,-12,768,ย 2์/๑
15.1.2023,-10,767,-13,766,ย 2์/๑
16.1.2023,-12,763,-14,763,ย 4์/๑
17.1.2023,-12,764,-13,764,ย 3์/๑
18.1.2023,-10,766,-12,766,ย 2์/๑
19.1.2023,-9,767,-11,767,ย 3์/๑
20.1.2023,-10,770,-12,770,ย 2์/๑
21.1.2023,-9,773,-11,772,ย 2์/๑
22.1.2023,-7,773,-9,773,ย 2์/๑
23.1.2023,-7,771,-10,770,ว 2์/๑
24.1.2023,-6,767,-9,764,ว 1์/๑
25.1.2023,-7,761,-8,761,ว 1์/๑
26.1.2023,-3,757,-4,757,ว 3์/๑
27.1.2023,-5,755,-7,756,ว 3์/๑
28.1.2023,-6,756,-7,756,ว 1์/๑
29.1.2023,-9,753,-13,752,ว 1์/๑
30.1.2023,-4,749,-6,749,ย 3์/๑
31.1.2023,-2,749,-5,750, 2์/๑
1.2.2023,-8,752,-11,751,ย 2์/๑
2.2.2023,-5,752,-6,752,ย 1์/๑
3.2.2023,-7,752,-9,752,ย 2์/๑
4.2.2023,-7,753,-10,754,ย 2์/๑
5.2.2023,-6,755,-9,756,ว 1์/๑
6.2.2023,-6,758,-11,760,ว 1์/๑
7.2.2023,-9,764,-12,765,ั 1์/๑
8.2.2023,-9,764,-11,761,ว 1์/๑
9.2.2023,-6,762,-7,763,ัว 1์/๑
10.2.2023,-7,760,-7,758,ว 3์/๑
11.2.2023,-4,755,-5,755,ว 2์/๑
12.2.2023,-6,752,-8,752,ย 3์/๑
13.2.2023,-3,749,-3,749,ย 3์/๑
14.2.2023,-7,746,-9,746,ย 3์/๑
15.2.2023,-8,746,-8,748,ัย 3์/๑
16.2.2023,-2,752,-3,754,ย 3์/๑
17.2.2023,-5,751,-7,750,ั 1์/๑
18.2.2023,-6,747,-10,747,ย 1์/๑
19.2.2023,-12,743,-15,742,ัย 3์/๑
20.2.2023,-10,739,-11,737,ย 2์/๑
21.2.2023,-3,733,-5,733,ย 1์/๑
22.2.2023,-4,728,-8,731,ัว 1์/๑
23.2.2023,-11,738,-13,742,ว 2์/๑
24.2.2023,-10,749,-10,749,ว 3์/๑
25.2.2023,-3,749,-2,751, 2์/๑
26.2.2023,+1,750,+1,749,ย 2์/๑
27.2.2023,+3,749,+1,749,ว 3์/๑
28.2.2023,-2,745,-5,742,ว 3์/๑
1.3.2023,-3,737,-5,740,ว 2์/๑
2.3.2023,-4,740,-6,742,ว 3์/๑
3.3.2023,-2,741,-2,742,ว 4์/๑
4.3.2023,0,738,0,737,ว 2์/๑
5.3.2023,0,733,-2,736,ว 1์/๑
6.3.2023,+1,741,-1,742,ว 2์/๑
7.3.2023,-1,746,-3,749,ว 3์/๑
8.3.2023,+1,747,+1,748,ว 2์/๑
9.3.2023,+2,746,+2,745, 3์/๑
10.3.2023,+4,740,+5,741, 2์/๑
11.3.2023,+2,751,-2,752,ัย 1์/๑
12.3.2023,+4,748,+7,746,ย 3์/๑
13.3.2023,+2,747,-3,751,ว 1์/๑
14.3.2023,+2,758,0,759,ว 3์/๑
15.3.2023,+5,760,+2,759, 2์/๑
16.3.2023,+7,755,+4,754,ย 3์/๑
17.3.2023,+10,752,+5,752,ย 2์/๑
18.3.2023,+1,758,-1,761,ั 3์/๑
19.3.2023,+2,759,+1,758,ย 3์/๑
20.3.2023,+1,756,+1,755,ย 2์/๑
21.3.2023,+11,750,+7,749, 2์/๑
22.3.2023,+10,748,+7,750,ว 2์/๑
23.3.2023,+9,752,+8,752,ว 2์/๑
24.3.2023,+14,747,+11,746, 3์/๑
25.3.2023,+13,746,+12,746,ว 2์/๑
26.3.2023,+18,745,+15,745,ว 3์/๑
27.3.2023,+16,740,+14,741,ว 3์/๑
28.3.2023,+13,746,+9,748,ัว 2์/๑
29.3.2023,+10,749,+7,749,ย 4์/๑
30.3.2023,+12,748,+8,748,ย 3์/๑
31.3.2023,+6,746,+6,749,ย 1์/๑
1.4.2023,+10,750,+7,752, 3์/๑
2.4.2023,+16,749,+10,749,ย 3์/๑
3.4.2023,+16,750,+12,751,ย 2์/๑
4.4.2023,+18,751,+14,751,ย 2์/๑
5.4.2023,+19,749,+14,749,ั 1์/๑
6.4.2023,+17,749,+11,752,ั 2์/๑
7.4.2023,+10,755,+6,758,ย 3์/๑
8.4.2023,+10,758,+7,758,ย 3์/๑
9.4.2023,+13,758,+6,756,ย 2์/๑
10.4.2023,+15,754,+10,754,ั 2์/๑
11.4.2023,+16,754,+8,753,ว 2์/๑
12.4.2023,+18,751,+11,750,ย 2์/๑
13.4.2023,+20,745,+16,745,ัย 3์/๑
14.4.2023,+7,746,+3,749,ัย 5์/๑
15.4.2023,+7,755,+4,758,ั 4์/๑
16.4.2023,+13,757,+7,758,ัว 3์/๑
17.4.2023,+13,761,+8,761,ว 2์/๑
18.4.2023,+16,759,+13,758,ว 2์/๑
19.4.2023,+18,757,+14,757,ว 2์/๑
20.4.2023,+18,752,+15,751,ว 2์/๑
21.4.2023,+16,747,+13,745,ั 2์/๑
22.4.2023,+12,741,+10,743,ัว 2์/๑
23.4.2023,+18,749,+11,751,ว 2์/๑
24.4.2023,+21,754,+17,754,ว 2์/๑
25.4.2023,+18,752,+15,750,ย 1์/๑
26.4.2023,+18,746,+15,747,ว 3์/๑
27.4.2023,+22,748,+16,749,ว 2์/๑
28.4.2023,+23,749,+18,750,ัว 2์/๑
29.4.2023,+25,750,+20,749,ย 2์/๑
30.4.2023,+27,748,+24,746,ย 2์/๑
1.5.2023,+30,745,+24,746,ย 3์/๑
2.5.2023,+21,749,+13,751,ัว 2์/๑
3.5.2023,+19,753,+16,754,ั 1์/๑
4.5.2023,+17,755,+16,755,ว 1์/๑
5.5.2023,+23,752,+17,751, 2์/๑
6.5.2023,+11,749,+8,752,ัว 3์/๑
7.5.2023,+11,755,+7,757,ัว 2์/๑
8.5.2023,+11,757,+7,758,ั 2์/๑
9.5.2023,+14,756,+11,755,ัย 2์/๑
10.5.2023,+18,751,+14,752,ัย 2์/๑
11.5.2023,+19,751,+15,750,ว 1์/๑
12.5.2023,+11,746,+10,747,ัย 3์/๑
13.5.2023,+21,749,+13,749,ัว 2์/๑
14.5.2023,+18,750,+13,751,ั 3์/๑
15.5.2023,+19,751,+14,752,ัว 2์/๑
16.5.2023,+21,752,+19,753,ุ
17.5.2023,+25,752,+20,752,ั 2์/๑
18.5.2023,+23,751,+18,751,ัย 4์/๑
19.5.2023,+21,752,+14,752,ั 2์/๑
20.5.2023,+19,754,+16,755,ัย 2์/๑
21.5.2023,+25,756,+21,756,ัย 3์/๑
22.5.2023,+27,756,+22,756,ย 3์/๑
23.5.2023,+28,755,+22,755,ย 3์/๑
24.5.2023,+29,755,+24,755,ย 3์/๑
25.5.2023,+31,754,+25,753, 3์/๑
26.5.2023,+30,751,+26,749,ย 2์/๑
27.5.2023,+27,749,+21,747,ัย 1์/๑
28.5.2023,+30,746,+24,747, 3์/๑
29.5.2023,+25,752,+21,752,ว 2์/๑
30.5.2023,+28,749,+26,748,ย 2์/๑
31.5.2023,+29,743,+22,744,ว 3์/๑
1.6.2023,+25,746,+21,746,ว 3์/๑
2.6.2023,+26,742,+19,742,ั 2์/๑
3.6.2023,+26,748,+19,748,ว 2์/๑
4.6.2023,+24,749,+15,752,ั 2์/๑
5.6.2023,+21,751,+18,751,ั 2์/๑
6.6.2023,+20,749,+15,749,ัว 2์/๑
7.6.2023,+21,751,+17,751,ัว 2์/๑
8.6.2023,+24,751,+17,752,ว 3์/๑
9.6.2023,+24,751,+18,751,ว 2์/๑
10.6.2023,+18,751,+16,752,ัย 2์/๑
11.6.2023,+16,755,+15,754,ั 2์/๑
12.6.2023,+13,754,+12,755,ั 3์/๑
13.6.2023,+21,753,+19,752,ัย 3์/๑
14.6.2023,+23,750,+21,749,ัย 2์/๑
15.6.2023,+24,747,+21,746,ัย 3์/๑
16.6.2023,+21,744,+19,743,ั 2์/๑
17.6.2023,+28,742,+21,743,ัย 3์/๑
18.6.2023,+20,745,+15,746,ั 4์/๑
19.6.2023,+15,747,+14,747,ัว 3์/๑
20.6.2023,+17,744,+14,744,ัว 1์/๑
21.6.2023,+16,746,+12,748,ัว 3์/๑
22.6.2023,+16,750,+14,750,ัว 2์/๑
23.6.2023,+17,749,+12,749,ัว 2์/๑
24.6.2023,+20,748,+14,746,ย 1์/๑
25.6.2023,+20,744,+15,745,ั 2์/๑
26.6.2023,+22,746,+18,747,ั 2์/๑
27.6.2023,+24,747,+16,747,ั 1์/๑
28.6.2023,+23,747,+19,747,ว 2์/๑
29.6.2023,+28,745,+24,744,ย 1์/๑
30.6.2023,+31,738,+23,738,ย 2์/๑
1.7.2023,+21,737,+18,737,ุ
2.7.2023,+23,738,+22,740,ัว 2์/๑
3.7.2023,+28,744,+24,745,ว 3์/๑
4.7.2023,+29,749,+25,749,ว 1์/๑
5.7.2023,+31,751,+27,751,ั 1์/๑
6.7.2023,+30,752,+24,752,ว 2์/๑
7.7.2023,+31,752,+26,751,ัว 2์/๑
8.7.2023,+32,749,+26,747,ย 1์/๑
9.7.2023,+33,743,+29,741,ย 3์/๑
10.7.2023,+35,738,+32,737,ย 2์/๑
11.7.2023,+29,737,+23,737,ย 2์/๑
12.7.2023,+19,744,+18,744,ว 3์/๑
13.7.2023,+17,744,+17,743,ว 2์/๑
14.7.2023,+21,743,+18,743,ว 3์/๑
15.7.2023,+24,740,+22,740,ย 2์/๑
16.7.2023,+16,740,+17,740,ัย 2์/๑
17.7.2023,+17,742,+18,742,ัว 2์/๑
18.7.2023,+20,739,+19,739,ว 2์/๑
19.7.2023,+20,737,+20,739,ว 2์/๑
20.7.2023,+23,742,+20,743,ว 3์/๑
21.7.2023,+25,746,,,
22.7.2023,+24,746,+20,747,ว 2์/๑
23.7.2023,+24,747,+19,746,ว 2์/๑
24.7.2023,+25,744,+21,745,ว 2์/๑
25.7.2023,+27,745,+24,744,ว 2์/๑
26.7.2023,+30,746,+25,745,ว 3์/๑
27.7.2023,+32,746,+29,746,ว 2์/๑
28.7.2023,+35,745,+30,745,ว 2์/๑
29.7.2023,+34,740,+25,741,ย 3์/๑
30.7.2023,+26,741,+20,742, 2์/๑
31.7.2023,+22,745,+21,745,ว 3์/๑
1.8.2023,+28,746,+21,746,ัว 2์/๑
2.8.2023,+29,747,+22,747,ว 2์/๑
3.8.2023,+25,747,+24,748,ว 1์/๑
4.8.2023,+30,748,+23,749,ว 2์/๑
5.8.2023,+33,749,+28,750,ว 2์/๑
6.8.2023,+30,750,+26,750,ั 2์/๑
7.8.2023,+29,748,+26,747,ัย 2์/๑
8.8.2023,+30,745,+25,746,ั 2์/๑
9.8.2023,+29,749,+25,752,ั 2์/๑
10.8.2023,+32,753,+26,754,ว 3์/๑
11.8.2023,+31,755,+25,755,ั 2์/๑
12.8.2023,+29,755,+25,755,ย 1์/๑
13.8.2023,+30,755,+25,754,ย 2์/๑
14.8.2023,+27,752,+25,751,ย 1์/๑
15.8.2023,+28,749,+23,749,ัว 2์/๑
16.8.2023,+22,749,+21,749,ั 1์/๑
17.8.2023,+30,749,+25,750,ัย 3์/๑
18.8.2023,+33,752,+23,752,ย 2์/๑
19.8.2023,+31,752,+25,752,ั 1์/๑
20.8.2023,+27,751,+22,749,ัว 1์/๑
21.8.2023,+25,746,+18,746,ัว 2์/๑
22.8.2023,+16,744,+14,744,ัย 1์/๑
23.8.2023,+21,743,+15,744,ว 2์/๑
24.8.2023,+15,746,+12,746,ัย 2์/๑
25.8.2023,+18,746,+13,746,ว 1์/๑
26.8.2023,+16,747,+14,747,ว 2์/๑
27.8.2023,+17,743,+15,741,ว 3์/๑
28.8.2023,+13,740,+11,740,ัว 4์/๑
29.8.2023,+20,743,+16,745,ัว 3์/๑
30.8.2023,+20,746,+17,746,ัว 3์/๑
31.8.2023,+21,748,+16,749,ัว 4์/๑
1.9.2023,+24,749,+17,749,ัว 2์/๑
2.9.2023,+23,751,+18,752,ั 2์/๑
3.9.2023,+24,753,+17,753,ั 1์/๑
4.9.2023,+24,753,+17,754,ว 2์/๑
5.9.2023,+22,753,+19,752,ัว 1์/๑
6.9.2023,+25,748,+19,746,ว 2์/๑
7.9.2023,+16,746,+12,746,ว 3์/๑
8.9.2023,+15,746,+11,746,ว 2์/๑
9.9.2023,+10,745,+12,744,ว 4์/๑
10.9.2023,+20,745,+16,746,ั 2์/๑
11.9.2023,+11,746,+11,747,ัว 1์/๑
12.9.2023,+16,751,+13,752,ั 2์/๑
13.9.2023,+20,754,+15,755,ย 2์/๑
14.9.2023,+22,753,+17,754,ย 2์/๑
15.9.2023,+21,754,+16,754,ย 1์/๑
16.9.2023,+22,753,+17,755,ว 2์/๑
17.9.2023,+23,755,+18,755,ั 2์/๑
18.9.2023,+22,752,+13,752,ัว 2์/๑
19.9.2023,+19,753,+13,755,ั 2์/๑
20.9.2023,+19,757,+14,757,ว 2์/๑
21.9.2023,+24,757,+19,757,ว 2์/๑
22.9.2023,+25,759,+17,759,ว 3์/๑
23.9.2023,+26,761,+16,761,ว 1์/๑
24.9.2023,+26,761,+17,760,ว 1์/๑
25.9.2023,+25,758,+20,758,ว 3์/๑
26.9.2023,+21,759,+16,760,ั 2์/๑
27.9.2023,+19,758,+12,758,ัว 2์/๑
28.9.2023,+18,758,+10,756,ว 1์/๑
29.9.2023,+20,751,+15,752,ัว 2์/๑
30.9.2023,+17,754,+10,754,ั 1์/๑
1.10.2023,+20,752,+17,751, 2์/๑
2.10.2023,+21,749,+15,749, 2์/๑
3.10.2023,+19,749,+14,751,ว 1์/๑
4.10.2023,+16,752,+14,752,ว 2์/๑
5.10.2023,+15,749,+11,748,ว 2์/๑
6.10.2023,+15,746,+12,745,ว 2์/๑
7.10.2023,+11,740,+6,739,ว 3์/๑
8.10.2023,+11,730,+8,731,ว 4์/๑
9.10.2023,+7,736,+5,737,ว 4์/๑
10.10.2023,+6,743,+4,746,ว 3์/๑
11.10.2023,+6,752,+4,755,ว 2์/๑
12.10.2023,+9,752,+8,749,ว 4์/๑
13.10.2023,+7,746,+8,749,ว 3์/๑
14.10.2023,+13,752,+10,751,ว 2์/๑
15.10.2023,+17,748,+14,749,ว 3์/๑
16.10.2023,+17,746,+12,745,ย 2์/๑
17.10.2023,+8,740,+6,744,ว 4์/๑
18.10.2023,+7,747,+7,749,ว 4์/๑
19.10.2023,+9,751,+7,750,ว 2์/๑
20.10.2023,+8,749,+7,749,ว 1์/๑
21.10.2023,+3,740,+2,745,ั 2์/๑
22.10.2023,+5,753,+2,754,ว 3์/๑
23.10.2023,+5,746,+8,743, 1์/๑
24.10.2023,+11,735,+1,740,ว 2์/๑
25.10.2023,-1,748,0,749,ั 2์/๑
26.10.2023,+1,754,0,755, 1์/๑
27.10.2023,-1,749,-1,746,ย 4์/๑
28.10.2023,+2,740,+3,737,ย 2์/๑
29.10.2023,+6,733,+2,740,ว 3์/๑
30.10.2023,+2,752,+2,752,ว 2์/๑
31.10.2023,+11,749,+6,753,ว 4์/๑
1.11.2023,+12,752,+12,752, 1์/๑
2.11.2023,+13,746,+11,745,ย 2์/๑
3.11.2023,+6,749,+4,752,ัว 2์/๑
4.11.2023,+5,756,+2,758,ุ
5.11.2023,+6,755,+5,754,ย 2์/๑
6.11.2023,+8,749,+7,748,ย 3์/๑
7.11.2023,+8,742,+6,742,ย 1์/๑
8.11.2023,+9,746,+8,747,ว 2์/๑
15.11.2023,+5,743,+3,742,ว 2์/๑
16.11.2023,+4,743,+3,744,ั 1์/๑
17.11.2023,+2,748,0,749,ั 1์/๑
18.11.2023,-5,755,-7,757,ั 1์/๑
19.11.2023,-5,758,-7,757, 1์/๑
20.11.2023,-3,749,-2,745,ย 4์/๑
21.11.2023,+1,737,+1,735,ั 1์/๑
22.11.2023,-6,735,-8,738,ัว 3์/๑
23.11.2023,-10,740,-11,740,ว 2์/๑
24.11.2023,-6,731,-1,728,ย 3์/๑
25.11.2023,+2,740,+1,744,ว 1์/๑
